-- ============================================
-- FILE: HR-Data.sql (PHÂN TÁN 10 CHI NHÁNH)
-- MÔ TẢ: Dữ liệu minh họa CSDLPT
--   - Phân mảnh ngang: PhongBan, NhanVien theo ChiNhanh
--   - Nhân bản: ChinhSach (mỗi chi nhánh có bản sao)
--   - Đồng bộ hóa: Triggers + Replication
-- ============================================

INSERT INTO TruSoChinh (ID_TruSoChinh, TenTruSoChinh, DiaChi, Email, SoDienThoai) VALUES 
('TS01', 'ORGASM', 'Ha Noi', 'contact_orgasm@gmail.com', '0350899999');

INSERT INTO ChiNhanh (ID_ChiNhanh, ID_TruSoChinh, TenChiNhanh, DiaChi, Email, SoDienThoai)
VALUES
('CN01', 'TS01', 'ORGASM Hue', 'Hue', 'orgasmhue@gmail.com', '0957734287'),
('CN02', 'TS01', 'ORGASM Nam Dinh', 'Nam Dinh', 'orgasmnamdinh@gmail.com', '0944887873'),
('CN03', 'TS01', 'ORGASM Vinh', 'Vinh', 'orgasmvinh@gmail.com', '0923742150'),
('CN04', 'TS01', 'ORGASM Nha Trang', 'Nha Trang', 'orgasmnhatrang@gmail.com', '0927115578'),
('CN05', 'TS01', 'ORGASM Thai Binh', 'Thai Binh', 'orgasmthaibinh@gmail.com', '0994653866'),
('CN06', 'TS01', 'ORGASM Dong Nai', 'Dong Nai', 'orgasmdongnai@gmail.com', '0996540688'),
('CN07', 'TS01', 'ORGASM Binh Duong', 'Binh Duong', 'orgasmbinhduong@gmail.com', '0918891380');

-- ChinhSach: Nhân bản - mỗi chi nhánh có bản sao đầy đủ
INSERT INTO ChinhSach (ID_ChinhSach, ID_ChiNhanh, TenChinhSach, MoTa) VALUES
('CS001', 'CN01', 'Chinh sach ung ho', 'Ap dung tai chi nhanh Hue'),
('CS002', 'CN01', 'Chinh sach moi truong', 'Ap dung tai chi nhanh Hue'),
('CS003', 'CN01', 'Chinh sach dao tao', 'Ap dung tai chi nhanh Hue'),
('CS004', 'CN01', 'Chinh sach ban hang', 'Ap dung tai chi nhanh Hue'),
('CS005', 'CN01', 'Chinh sach nghi phep', 'Ap dung tai chi nhanh Hue'),
('CS006', 'CN01', 'Chinh sach chat luong', 'Ap dung tai chi nhanh Hue'),
('CS007', 'CN01', 'Chinh sach an ninh', 'Ap dung tai chi nhanh Hue'),
('CS008', 'CN01', 'Chinh sach tuyen dung', 'Ap dung tai chi nhanh Hue'),
('CS009', 'CN01', 'Chinh sach bao hiem', 'Ap dung tai chi nhanh Hue'),
('CS010', 'CN01', 'Chinh sach cong nghe', 'Ap dung tai chi nhanh Hue'),
('CS011', 'CN02', 'Chinh sach ung ho', 'Ap dung tai chi nhanh Nam Dinh'),
('CS012', 'CN02', 'Chinh sach moi truong', 'Ap dung tai chi nhanh Nam Dinh'),
('CS013', 'CN02', 'Chinh sach dao tao', 'Ap dung tai chi nhanh Nam Dinh'),
('CS014', 'CN02', 'Chinh sach ban hang', 'Ap dung tai chi nhanh Nam Dinh'),
('CS015', 'CN02', 'Chinh sach nghi phep', 'Ap dung tai chi nhanh Nam Dinh'),
('CS016', 'CN02', 'Chinh sach chat luong', 'Ap dung tai chi nhanh Nam Dinh'),
('CS017', 'CN02', 'Chinh sach an ninh', 'Ap dung tai chi nhanh Nam Dinh'),
('CS018', 'CN02', 'Chinh sach tuyen dung', 'Ap dung tai chi nhanh Nam Dinh'),
('CS019', 'CN02', 'Chinh sach bao hiem', 'Ap dung tai chi nhanh Nam Dinh'),
('CS020', 'CN02', 'Chinh sach cong nghe', 'Ap dung tai chi nhanh Nam Dinh'),
('CS021', 'CN03', 'Chinh sach ung ho', 'Ap dung tai chi nhanh Vinh'),
('CS022', 'CN03', 'Chinh sach moi truong', 'Ap dung tai chi nhanh Vinh'),
('CS023', 'CN03', 'Chinh sach dao tao', 'Ap dung tai chi nhanh Vinh'),
('CS024', 'CN03', 'Chinh sach ban hang', 'Ap dung tai chi nhanh Vinh'),
('CS025', 'CN03', 'Chinh sach nghi phep', 'Ap dung tai chi nhanh Vinh'),
('CS026', 'CN03', 'Chinh sach chat luong', 'Ap dung tai chi nhanh Vinh'),
('CS027', 'CN03', 'Chinh sach an ninh', 'Ap dung tai chi nhanh Vinh'),
('CS028', 'CN03', 'Chinh sach tuyen dung', 'Ap dung tai chi nhanh Vinh'),
('CS029', 'CN03', 'Chinh sach bao hiem', 'Ap dung tai chi nhanh Vinh'),
('CS030', 'CN03', 'Chinh sach cong nghe', 'Ap dung tai chi nhanh Vinh'),
('CS031', 'CN04', 'Chinh sach ung ho', 'Ap dung tai chi nhanh Nha Trang'),
('CS032', 'CN04', 'Chinh sach moi truong', 'Ap dung tai chi nhanh Nha Trang'),
('CS033', 'CN04', 'Chinh sach dao tao', 'Ap dung tai chi nhanh Nha Trang'),
('CS034', 'CN04', 'Chinh sach ban hang', 'Ap dung tai chi nhanh Nha Trang'),
('CS035', 'CN04', 'Chinh sach nghi phep', 'Ap dung tai chi nhanh Nha Trang'),
('CS036', 'CN04', 'Chinh sach chat luong', 'Ap dung tai chi nhanh Nha Trang'),
('CS037', 'CN04', 'Chinh sach an ninh', 'Ap dung tai chi nhanh Nha Trang'),
('CS038', 'CN04', 'Chinh sach tuyen dung', 'Ap dung tai chi nhanh Nha Trang'),
('CS039', 'CN04', 'Chinh sach bao hiem', 'Ap dung tai chi nhanh Nha Trang'),
('CS040', 'CN04', 'Chinh sach cong nghe', 'Ap dung tai chi nhanh Nha Trang'),
('CS041', 'CN05', 'Chinh sach ung ho', 'Ap dung tai chi nhanh Thai Binh'),
('CS042', 'CN05', 'Chinh sach moi truong', 'Ap dung tai chi nhanh Thai Binh'),
('CS043', 'CN05', 'Chinh sach dao tao', 'Ap dung tai chi nhanh Thai Binh'),
('CS044', 'CN05', 'Chinh sach ban hang', 'Ap dung tai chi nhanh Thai Binh'),
('CS045', 'CN05', 'Chinh sach nghi phep', 'Ap dung tai chi nhanh Thai Binh'),
('CS046', 'CN05', 'Chinh sach chat luong', 'Ap dung tai chi nhanh Thai Binh'),
('CS047', 'CN05', 'Chinh sach an ninh', 'Ap dung tai chi nhanh Thai Binh'),
('CS048', 'CN05', 'Chinh sach tuyen dung', 'Ap dung tai chi nhanh Thai Binh'),
('CS049', 'CN05', 'Chinh sach bao hiem', 'Ap dung tai chi nhanh Thai Binh'),
('CS050', 'CN05', 'Chinh sach cong nghe', 'Ap dung tai chi nhanh Thai Binh'),
('CS051', 'CN06', 'Chinh sach ung ho', 'Ap dung tai chi nhanh Dong Nai'),
('CS052', 'CN06', 'Chinh sach moi truong', 'Ap dung tai chi nhanh Dong Nai'),
('CS053', 'CN06', 'Chinh sach dao tao', 'Ap dung tai chi nhanh Dong Nai'),
('CS054', 'CN06', 'Chinh sach ban hang', 'Ap dung tai chi nhanh Dong Nai'),
('CS055', 'CN06', 'Chinh sach nghi phep', 'Ap dung tai chi nhanh Dong Nai'),
('CS056', 'CN06', 'Chinh sach chat luong', 'Ap dung tai chi nhanh Dong Nai'),
('CS057', 'CN06', 'Chinh sach an ninh', 'Ap dung tai chi nhanh Dong Nai'),
('CS058', 'CN06', 'Chinh sach tuyen dung', 'Ap dung tai chi nhanh Dong Nai'),
('CS059', 'CN06', 'Chinh sach bao hiem', 'Ap dung tai chi nhanh Dong Nai'),
('CS060', 'CN06', 'Chinh sach cong nghe', 'Ap dung tai chi nhanh Dong Nai'),
('CS061', 'CN07', 'Chinh sach ung ho', 'Ap dung tai chi nhanh Binh Duong'),
('CS062', 'CN07', 'Chinh sach moi truong', 'Ap dung tai chi nhanh Binh Duong'),
('CS063', 'CN07', 'Chinh sach dao tao', 'Ap dung tai chi nhanh Binh Duong'),
('CS064', 'CN07', 'Chinh sach ban hang', 'Ap dung tai chi nhanh Binh Duong'),
('CS065', 'CN07', 'Chinh sach nghi phep', 'Ap dung tai chi nhanh Binh Duong'),
('CS066', 'CN07', 'Chinh sach chat luong', 'Ap dung tai chi nhanh Binh Duong'),
('CS067', 'CN07', 'Chinh sach an ninh', 'Ap dung tai chi nhanh Binh Duong'),
('CS068', 'CN07', 'Chinh sach tuyen dung', 'Ap dung tai chi nhanh Binh Duong'),
('CS069', 'CN07', 'Chinh sach bao hiem', 'Ap dung tai chi nhanh Binh Duong'),
('CS070', 'CN07', 'Chinh sach cong nghe', 'Ap dung tai chi nhanh Binh Duong');

-- PhongBan: Phân mảnh ngang - mỗi chi nhánh có 10 phòng ban riêng
INSERT INTO PhongBan (ID_PhongBan, ID_ChiNhanh, TenPhongBan, Email, SoDienThoai) VALUES
('PB001', 'CN01', 'Ke Toan', 'ketoancn01@gmail.com', '0957764594'),
('PB002', 'CN01', 'Nhan Su', 'nhansucn01@gmail.com', '0992883272'),
('PB003', 'CN01', 'Marketing', 'marketingcn01@gmail.com', '0924405159'),
('PB004', 'CN01', 'Kinh Doanh', 'kinhdoanhcn01@gmail.com', '0995385675'),
('PB005', 'CN01', 'Ky Thuat', 'kythuatcn01@gmail.com', '0961423225'),
('PB006', 'CN01', 'Phat Trien San Pham', 'phattriensanphamcn01@gmail.com', '0967268233'),
('PB007', 'CN01', 'Hanh Chinh', 'hanhchinhcn01@gmail.com', '0924287806'),
('PB008', 'CN01', 'Bao Tri', 'baotricn01@gmail.com', '0982185187'),
('PB009', 'CN01', 'IT', 'itcn01@gmail.com', '0962568479'),
('PB010', 'CN01', 'Ban Hang', 'banhangcn01@gmail.com', '0937558716'),
('PB011', 'CN02', 'Ke Toan', 'ketoancn02@gmail.com', '0914064804'),
('PB012', 'CN02', 'Nhan Su', 'nhansucn02@gmail.com', '0932550935'),
('PB013', 'CN02', 'Marketing', 'marketingcn02@gmail.com', '0981539489'),
('PB014', 'CN02', 'Kinh Doanh', 'kinhdoanhcn02@gmail.com', '0961302556'),
('PB015', 'CN02', 'Ky Thuat', 'kythuatcn02@gmail.com', '0961647840'),
('PB016', 'CN02', 'Phat Trien San Pham', 'phattriensanphamcn02@gmail.com', '0973711301'),
('PB017', 'CN02', 'Hanh Chinh', 'hanhchinhcn02@gmail.com', '0930877129'),
('PB018', 'CN02', 'Bao Tri', 'baotricn02@gmail.com', '0966564666'),
('PB019', 'CN02', 'IT', 'itcn02@gmail.com', '0910408982'),
('PB020', 'CN02', 'Ban Hang', 'banhangcn02@gmail.com', '0914340578'),
('PB021', 'CN03', 'Ke Toan', 'ketoancn03@gmail.com', '0952874690'),
('PB022', 'CN03', 'Nhan Su', 'nhansucn03@gmail.com', '0923853029'),
('PB023', 'CN03', 'Marketing', 'marketingcn03@gmail.com', '0971254565'),
('PB024', 'CN03', 'Kinh Doanh', 'kinhdoanhcn03@gmail.com', '0993101741'),
('PB025', 'CN03', 'Ky Thuat', 'kythuatcn03@gmail.com', '0935773801'),
('PB026', 'CN03', 'Phat Trien San Pham', 'phattriensanphamcn03@gmail.com', '0985981774'),
('PB027', 'CN03', 'Hanh Chinh', 'hanhchinhcn03@gmail.com', '0948255462'),
('PB028', 'CN03', 'Bao Tri', 'baotricn03@gmail.com', '0981417694'),
('PB029', 'CN03', 'IT', 'itcn03@gmail.com', '0984812085'),
('PB030', 'CN03', 'Ban Hang', 'banhangcn03@gmail.com', '0973953051'),
('PB031', 'CN04', 'Ke Toan', 'ketoancn04@gmail.com', '0914943746'),
('PB032', 'CN04', 'Nhan Su', 'nhansucn04@gmail.com', '0976911699'),
('PB033', 'CN04', 'Marketing', 'marketingcn04@gmail.com', '0933098682'),
('PB034', 'CN04', 'Kinh Doanh', 'kinhdoanhcn04@gmail.com', '0985883922'),
('PB035', 'CN04', 'Ky Thuat', 'kythuatcn04@gmail.com', '0923895877'),
('PB036', 'CN04', 'Phat Trien San Pham', 'phattriensanphamcn04@gmail.com', '0997590558'),
('PB037', 'CN04', 'Hanh Chinh', 'hanhchinhcn04@gmail.com', '0990979896'),
('PB038', 'CN04', 'Bao Tri', 'baotricn04@gmail.com', '0932805008'),
('PB039', 'CN04', 'IT', 'itcn04@gmail.com', '0945514215'),
('PB040', 'CN04', 'Ban Hang', 'banhangcn04@gmail.com', '0918973057'),
('PB041', 'CN05', 'Ke Toan', 'ketoancn05@gmail.com', '0988107890'),
('PB042', 'CN05', 'Nhan Su', 'nhansucn05@gmail.com', '0912779873'),
('PB043', 'CN05', 'Marketing', 'marketingcn05@gmail.com', '0944515943'),
('PB044', 'CN05', 'Kinh Doanh', 'kinhdoanhcn05@gmail.com', '0992985482'),
('PB045', 'CN05', 'Ky Thuat', 'kythuatcn05@gmail.com', '0949334491'),
('PB046', 'CN05', 'Phat Trien San Pham', 'phattriensanphamcn05@gmail.com', '0934568150'),
('PB047', 'CN05', 'Hanh Chinh', 'hanhchinhcn05@gmail.com', '0980721306'),
('PB048', 'CN05', 'Bao Tri', 'baotricn05@gmail.com', '0954452751'),
('PB049', 'CN05', 'IT', 'itcn05@gmail.com', '0934847137'),
('PB050', 'CN05', 'Ban Hang', 'banhangcn05@gmail.com', '0995289067'),
('PB051', 'CN06', 'Ke Toan', 'ketoancn06@gmail.com', '0929402445'),
('PB052', 'CN06', 'Nhan Su', 'nhansucn06@gmail.com', '0935556659'),
('PB053', 'CN06', 'Marketing', 'marketingcn06@gmail.com', '0925301108'),
('PB054', 'CN06', 'Kinh Doanh', 'kinhdoanhcn06@gmail.com', '0940684806'),
('PB055', 'CN06', 'Ky Thuat', 'kythuatcn06@gmail.com', '0917705167'),
('PB056', 'CN06', 'Phat Trien San Pham', 'phattriensanphamcn06@gmail.com', '0921497137'),
('PB057', 'CN06', 'Hanh Chinh', 'hanhchinhcn06@gmail.com', '0961138061'),
('PB058', 'CN06', 'Bao Tri', 'baotricn06@gmail.com', '0911159072'),
('PB059', 'CN06', 'IT', 'itcn06@gmail.com', '0942937295'),
('PB060', 'CN06', 'Ban Hang', 'banhangcn06@gmail.com', '0993841365'),
('PB061', 'CN07', 'Ke Toan', 'ketoancn07@gmail.com', '0956932540'),
('PB062', 'CN07', 'Nhan Su', 'nhansucn07@gmail.com', '0963859905'),
('PB063', 'CN07', 'Marketing', 'marketingcn07@gmail.com', '0922730721'),
('PB064', 'CN07', 'Kinh Doanh', 'kinhdoanhcn07@gmail.com', '0935207821'),
('PB065', 'CN07', 'Ky Thuat', 'kythuatcn07@gmail.com', '0960397901'),
('PB066', 'CN07', 'Phat Trien San Pham', 'phattriensanphamcn07@gmail.com', '0991109906'),
('PB067', 'CN07', 'Hanh Chinh', 'hanhchinhcn07@gmail.com', '0955774526'),
('PB068', 'CN07', 'Bao Tri', 'baotricn07@gmail.com', '0990469213'),
('PB069', 'CN07', 'IT', 'itcn07@gmail.com', '0981928684'),
('PB070', 'CN07', 'Ban Hang', 'banhangcn07@gmail.com', '0989168456');

-- DuAn: 10 dự án mỗi chi nhánh (100 dự án)
INSERT INTO DuAn (ID_DuAn, ID_PhongBan, TenDuAn, NgayBatDau, ThoiHan, MoTa) VALUES
('DA001', 'PB001', 'Trien khai cong nghe moi tai Hue', '2024-06-04', 23, 'Du an tai Hue'),
('DA002', 'PB002', 'Mo rong thi truong tai Hue', '2024-06-11', 19, 'Du an tai Hue'),
('DA003', 'PB003', 'Cai tao he thong tai Hue', '2024-08-13', 10, 'Du an tai Hue'),
('DA004', 'PB004', 'Dao tao nhan vien tai Hue', '2024-03-28', 7, 'Du an tai Hue'),
('DA005', 'PB005', 'Cai tien chat luong tai Hue', '2024-09-10', 21, 'Du an tai Hue'),
('DA006', 'PB006', 'Xay dung he thong moi tai Hue', '2024-12-17', 9, 'Du an tai Hue'),
('DA007', 'PB007', 'Tang cuong truyen thong tai Hue', '2024-10-17', 19, 'Du an tai Hue'),
('DA008', 'PB008', 'Phat trien chi nhanh tai Hue', '2024-04-04', 23, 'Du an tai Hue'),
('DA009', 'PB009', 'Cap nhat he thong CRM tai Hue', '2024-02-14', 7, 'Du an tai Hue'),
('DA010', 'PB010', 'Kiem soat chi phi tai Hue', '2024-04-23', 14, 'Du an tai Hue'),
('DA011', 'PB011', 'Trien khai cong nghe moi tai Nam Dinh', '2024-09-22', 11, 'Du an tai Nam Dinh'),
('DA012', 'PB012', 'Mo rong thi truong tai Nam Dinh', '2024-08-14', 13, 'Du an tai Nam Dinh'),
('DA013', 'PB013', 'Cai tao he thong tai Nam Dinh', '2024-01-04', 13, 'Du an tai Nam Dinh'),
('DA014', 'PB014', 'Dao tao nhan vien tai Nam Dinh', '2024-01-02', 19, 'Du an tai Nam Dinh'),
('DA015', 'PB015', 'Cai tien chat luong tai Nam Dinh', '2024-11-01', 10, 'Du an tai Nam Dinh'),
('DA016', 'PB016', 'Xay dung he thong moi tai Nam Dinh', '2024-05-12', 20, 'Du an tai Nam Dinh'),
('DA017', 'PB017', 'Tang cuong truyen thong tai Nam Dinh', '2024-06-23', 10, 'Du an tai Nam Dinh'),
('DA018', 'PB018', 'Phat trien chi nhanh tai Nam Dinh', '2024-09-05', 23, 'Du an tai Nam Dinh'),
('DA019', 'PB019', 'Cap nhat he thong CRM tai Nam Dinh', '2024-07-26', 8, 'Du an tai Nam Dinh'),
('DA020', 'PB020', 'Kiem soat chi phi tai Nam Dinh', '2024-01-09', 18, 'Du an tai Nam Dinh'),
('DA021', 'PB021', 'Trien khai cong nghe moi tai Vinh', '2024-02-16', 20, 'Du an tai Vinh'),
('DA022', 'PB022', 'Mo rong thi truong tai Vinh', '2024-04-24', 22, 'Du an tai Vinh'),
('DA023', 'PB023', 'Cai tao he thong tai Vinh', '2024-12-25', 20, 'Du an tai Vinh'),
('DA024', 'PB024', 'Dao tao nhan vien tai Vinh', '2024-02-25', 13, 'Du an tai Vinh'),
('DA025', 'PB025', 'Cai tien chat luong tai Vinh', '2024-02-28', 16, 'Du an tai Vinh'),
('DA026', 'PB026', 'Xay dung he thong moi tai Vinh', '2024-02-10', 17, 'Du an tai Vinh'),
('DA027', 'PB027', 'Tang cuong truyen thong tai Vinh', '2024-11-06', 16, 'Du an tai Vinh'),
('DA028', 'PB028', 'Phat trien chi nhanh tai Vinh', '2024-11-14', 15, 'Du an tai Vinh'),
('DA029', 'PB029', 'Cap nhat he thong CRM tai Vinh', '2024-09-26', 17, 'Du an tai Vinh'),
('DA030', 'PB030', 'Kiem soat chi phi tai Vinh', '2024-11-13', 7, 'Du an tai Vinh'),
('DA031', 'PB031', 'Trien khai cong nghe moi tai Nha Trang', '2024-12-06', 16, 'Du an tai Nha Trang'),
('DA032', 'PB032', 'Mo rong thi truong tai Nha Trang', '2024-12-22', 19, 'Du an tai Nha Trang'),
('DA033', 'PB033', 'Cai tao he thong tai Nha Trang', '2024-11-02', 18, 'Du an tai Nha Trang'),
('DA034', 'PB034', 'Dao tao nhan vien tai Nha Trang', '2024-12-24', 7, 'Du an tai Nha Trang'),
('DA035', 'PB035', 'Cai tien chat luong tai Nha Trang', '2024-04-12', 17, 'Du an tai Nha Trang'),
('DA036', 'PB036', 'Xay dung he thong moi tai Nha Trang', '2024-04-03', 21, 'Du an tai Nha Trang'),
('DA037', 'PB037', 'Tang cuong truyen thong tai Nha Trang', '2024-08-16', 15, 'Du an tai Nha Trang'),
('DA038', 'PB038', 'Phat trien chi nhanh tai Nha Trang', '2024-06-03', 21, 'Du an tai Nha Trang'),
('DA039', 'PB039', 'Cap nhat he thong CRM tai Nha Trang', '2024-12-09', 6, 'Du an tai Nha Trang'),
('DA040', 'PB040', 'Kiem soat chi phi tai Nha Trang', '2024-11-19', 21, 'Du an tai Nha Trang'),
('DA041', 'PB041', 'Trien khai cong nghe moi tai Thai Binh', '2024-02-01', 18, 'Du an tai Thai Binh'),
('DA042', 'PB042', 'Mo rong thi truong tai Thai Binh', '2024-01-20', 15, 'Du an tai Thai Binh'),
('DA043', 'PB043', 'Cai tao he thong tai Thai Binh', '2024-08-15', 23, 'Du an tai Thai Binh'),
('DA044', 'PB044', 'Dao tao nhan vien tai Thai Binh', '2024-04-23', 14, 'Du an tai Thai Binh'),
('DA045', 'PB045', 'Cai tien chat luong tai Thai Binh', '2024-08-23', 22, 'Du an tai Thai Binh'),
('DA046', 'PB046', 'Xay dung he thong moi tai Thai Binh', '2024-02-10', 23, 'Du an tai Thai Binh'),
('DA047', 'PB047', 'Tang cuong truyen thong tai Thai Binh', '2024-11-12', 20, 'Du an tai Thai Binh'),
('DA048', 'PB048', 'Phat trien chi nhanh tai Thai Binh', '2024-03-08', 15, 'Du an tai Thai Binh'),
('DA049', 'PB049', 'Cap nhat he thong CRM tai Thai Binh', '2024-03-02', 13, 'Du an tai Thai Binh'),
('DA050', 'PB050', 'Kiem soat chi phi tai Thai Binh', '2024-08-24', 7, 'Du an tai Thai Binh'),
('DA051', 'PB051', 'Trien khai cong nghe moi tai Dong Nai', '2024-12-01', 6, 'Du an tai Dong Nai'),
('DA052', 'PB052', 'Mo rong thi truong tai Dong Nai', '2024-05-11', 9, 'Du an tai Dong Nai'),
('DA053', 'PB053', 'Cai tao he thong tai Dong Nai', '2024-10-27', 21, 'Du an tai Dong Nai'),
('DA054', 'PB054', 'Dao tao nhan vien tai Dong Nai', '2024-06-13', 14, 'Du an tai Dong Nai'),
('DA055', 'PB055', 'Cai tien chat luong tai Dong Nai', '2024-02-26', 18, 'Du an tai Dong Nai'),
('DA056', 'PB056', 'Xay dung he thong moi tai Dong Nai', '2024-01-09', 15, 'Du an tai Dong Nai'),
('DA057', 'PB057', 'Tang cuong truyen thong tai Dong Nai', '2024-09-12', 22, 'Du an tai Dong Nai'),
('DA058', 'PB058', 'Phat trien chi nhanh tai Dong Nai', '2024-03-17', 22, 'Du an tai Dong Nai'),
('DA059', 'PB059', 'Cap nhat he thong CRM tai Dong Nai', '2024-04-03', 23, 'Du an tai Dong Nai'),
('DA060', 'PB060', 'Kiem soat chi phi tai Dong Nai', '2024-08-24', 18, 'Du an tai Dong Nai'),
('DA061', 'PB061', 'Trien khai cong nghe moi tai Binh Duong', '2024-06-12', 15, 'Du an tai Binh Duong'),
('DA062', 'PB062', 'Mo rong thi truong tai Binh Duong', '2024-09-27', 10, 'Du an tai Binh Duong'),
('DA063', 'PB063', 'Cai tao he thong tai Binh Duong', '2024-05-26', 12, 'Du an tai Binh Duong'),
('DA064', 'PB064', 'Dao tao nhan vien tai Binh Duong', '2024-05-08', 17, 'Du an tai Binh Duong'),
('DA065', 'PB065', 'Cai tien chat luong tai Binh Duong', '2024-07-22', 18, 'Du an tai Binh Duong'),
('DA066', 'PB066', 'Xay dung he thong moi tai Binh Duong', '2024-02-06', 8, 'Du an tai Binh Duong'),
('DA067', 'PB067', 'Tang cuong truyen thong tai Binh Duong', '2024-10-27', 22, 'Du an tai Binh Duong'),
('DA068', 'PB068', 'Phat trien chi nhanh tai Binh Duong', '2024-07-13', 14, 'Du an tai Binh Duong'),
('DA069', 'PB069', 'Cap nhat he thong CRM tai Binh Duong', '2024-10-07', 6, 'Du an tai Binh Duong'),
('DA070', 'PB070', 'Kiem soat chi phi tai Binh Duong', '2024-07-05', 8, 'Du an tai Binh Duong');

INSERT INTO ChucVu (ID_ChucVu, TenChucVu, BacLuong) VALUES
('CV01', 'Giam doc', 1),
('CV02', 'Pho Giam doc', 2),
('CV03', 'Truong phong', 3),
('CV04', 'Pho Truong phong', 4),
('CV05', 'Chuyen vien cao cap', 5),
('CV06', 'Chuyen vien chinh', 6),
('CV07', 'Chuyen vien', 7),
('CV08', 'Nhan vien kinh doanh', 8),
('CV09', 'Nhan vien hanh chinh', 9),
('CV10', 'Nhan vien ky thuat', 10);

-- NhanVien: Phân mảnh ngang - 40 nhân viên mỗi chi nhánh (400 nhân viên)
INSERT INTO NhanVien (ID_NhanVien, ID_DuAn, ID_ChucVu, ID_ChiNhanh, ID_PhongBan, HoTen, NgaySinh, GioiTinh, DanToc, CCCD, SoDienThoai, Email, DiaChi) VALUES
('NV0001', 'DA001', 'CV01', 'CN01', 'PB001', 'Tran Minh Phong', '1992-07-14', 'Nam', 'Kinh', '000000000001', '0991518579', 'tranminhphong1@gmail.com', 'Hue'),
('NV0002', 'DA002', 'CV02', 'CN01', 'PB002', 'Bui Thanh Nam', '2000-09-05', 'Nu', 'Kinh', '000000000002', '0957797333', 'buithanhnam2@gmail.com', 'Hue'),
('NV0003', 'DA003', 'CV03', 'CN01', 'PB003', 'Duong Hong Hieu', '1998-11-11', 'Nam', 'Kinh', '000000000003', '0925366232', 'duonghonghieu3@gmail.com', 'Hue'),
('NV0004', 'DA004', 'CV04', 'CN01', 'PB004', 'Pham Minh Bao', '1982-04-20', 'Nu', 'Kinh', '000000000004', '0979056913', 'phamminhbao4@gmail.com', 'Hue'),
('NV0005', 'DA005', 'CV05', 'CN01', 'PB005', 'Tran Thanh Dung', '1983-02-23', 'Nam', 'Kinh', '000000000005', '0998984514', 'tranthanhdung5@gmail.com', 'Hue'),
('NV0006', 'DA006', 'CV06', 'CN01', 'PB006', 'Vu Minh Dung', '2000-09-23', 'Nu', 'Kinh', '000000000006', '0916030413', 'vuminhdung6@gmail.com', 'Hue'),
('NV0007', 'DA007', 'CV07', 'CN01', 'PB007', 'Vo Hong Dung', '1987-09-01', 'Nam', 'Kinh', '000000000007', '0962767167', 'vohongdung7@gmail.com', 'Hue'),
('NV0008', 'DA008', 'CV08', 'CN01', 'PB008', 'Bui Duc An', '1984-10-15', 'Nu', 'Kinh', '000000000008', '0960511977', 'buiducan8@gmail.com', 'Hue'),
('NV0009', 'DA009', 'CV09', 'CN01', 'PB009', 'Vu Tien Quan', '1980-12-03', 'Nam', 'Kinh', '000000000009', '0984279744', 'vutienquan9@gmail.com', 'Hue'),
('NV0010', 'DA010', 'CV10', 'CN01', 'PB010', 'Dang Hong Khoa', '1984-05-17', 'Nu', 'Kinh', '000000000010', '0924446878', 'danghongkhoa10@gmail.com', 'Hue'),
('NV0011', 'DA001', 'CV01', 'CN01', 'PB001', 'Ngo Hong Khanh', '1990-09-01', 'Nam', 'Kinh', '000000000011', '0917855695', 'ngohongkhanh11@gmail.com', 'Hue'),
('NV0012', 'DA002', 'CV02', 'CN01', 'PB002', 'Nguyen Thanh Binh', '1987-01-03', 'Nu', 'Kinh', '000000000012', '0965142061', 'nguyenthanhbinh12@gmail.com', 'Hue'),
('NV0013', 'DA003', 'CV03', 'CN01', 'PB003', 'Ngo Quoc Binh', '1994-08-22', 'Nam', 'Kinh', '000000000013', '0972664397', 'ngoquocbinh13@gmail.com', 'Hue'),
('NV0014', 'DA004', 'CV04', 'CN01', 'PB004', 'Vo Minh Cuong', '1997-04-04', 'Nu', 'Kinh', '000000000014', '0918503113', 'vominhcuong14@gmail.com', 'Hue'),
('NV0015', 'DA005', 'CV05', 'CN01', 'PB005', 'Tran Hong An', '1989-01-15', 'Nam', 'Kinh', '000000000015', '0981990683', 'tranhongan15@gmail.com', 'Hue'),
('NV0016', 'DA006', 'CV06', 'CN01', 'PB006', 'Tran Duc Thanh', '1996-05-27', 'Nu', 'Kinh', '000000000016', '0998879919', 'tranducthanh16@gmail.com', 'Hue'),
('NV0017', 'DA007', 'CV07', 'CN01', 'PB007', 'Do Hong Quan', '1989-09-24', 'Nam', 'Kinh', '000000000017', '0940332872', 'dohongquan17@gmail.com', 'Hue'),
('NV0018', 'DA008', 'CV08', 'CN01', 'PB008', 'Vo Thanh Quan', '1996-08-18', 'Nu', 'Kinh', '000000000018', '0915878489', 'vothanhquan18@gmail.com', 'Hue'),
('NV0019', 'DA009', 'CV09', 'CN01', 'PB009', 'Ngo Duc Tuan', '1998-05-04', 'Nam', 'Kinh', '000000000019', '0971277973', 'ngoductuan19@gmail.com', 'Hue'),
('NV0020', 'DA010', 'CV10', 'CN01', 'PB010', 'Pham Van Thanh', '1984-04-22', 'Nu', 'Kinh', '000000000020', '0974968999', 'phamvanthanh20@gmail.com', 'Hue'),
('NV0021', 'DA001', 'CV01', 'CN01', 'PB001', 'Bui Thi Binh', '1984-07-13', 'Nam', 'Kinh', '000000000021', '0934815008', 'buithibinh21@gmail.com', 'Hue'),
('NV0022', 'DA002', 'CV02', 'CN01', 'PB002', 'Vu Hong Nam', '1982-02-22', 'Nu', 'Kinh', '000000000022', '0990626576', 'vuhongnam22@gmail.com', 'Hue'),
('NV0023', 'DA003', 'CV03', 'CN01', 'PB003', 'Do Duc Yen', '1981-08-05', 'Nam', 'Kinh', '000000000023', '0920955950', 'doducyen23@gmail.com', 'Hue'),
('NV0024', 'DA004', 'CV04', 'CN01', 'PB004', 'Vo Thanh Linh', '1994-02-27', 'Nu', 'Kinh', '000000000024', '0992117753', 'vothanhlinh24@gmail.com', 'Hue'),
('NV0025', 'DA005', 'CV05', 'CN01', 'PB005', 'Duong Thanh Lan', '1998-12-07', 'Nam', 'Kinh', '000000000025', '0977488431', 'duongthanhlan25@gmail.com', 'Hue'),
('NV0026', 'DA006', 'CV06', 'CN01', 'PB006', 'Tran Thanh An', '1996-09-09', 'Nu', 'Kinh', '000000000026', '0924364245', 'tranthanhan26@gmail.com', 'Hue'),
('NV0027', 'DA007', 'CV07', 'CN01', 'PB007', 'Ngo Minh Quan', '1981-08-04', 'Nam', 'Kinh', '000000000027', '0963967254', 'ngominhquan27@gmail.com', 'Hue'),
('NV0028', 'DA008', 'CV08', 'CN01', 'PB008', 'Le Huy Mai', '1997-11-02', 'Nu', 'Kinh', '000000000028', '0924607290', 'lehuymai28@gmail.com', 'Hue'),
('NV0029', 'DA009', 'CV09', 'CN01', 'PB009', 'Tran Duc Hieu', '1987-01-25', 'Nam', 'Kinh', '000000000029', '0946954603', 'tranduchieu29@gmail.com', 'Hue'),
('NV0030', 'DA010', 'CV10', 'CN01', 'PB010', 'Le Huy Quan', '1986-05-12', 'Nu', 'Kinh', '000000000030', '0952643617', 'lehuyquan30@gmail.com', 'Hue'),
('NV0031', 'DA001', 'CV01', 'CN01', 'PB001', 'Tran Minh Cuong', '1983-05-11', 'Nam', 'Kinh', '000000000031', '0966478809', 'tranminhcuong31@gmail.com', 'Hue'),
('NV0032', 'DA002', 'CV02', 'CN01', 'PB002', 'Hoang Thanh Hieu', '1987-11-19', 'Nu', 'Kinh', '000000000032', '0931215702', 'hoangthanhhieu32@gmail.com', 'Hue'),
('NV0033', 'DA003', 'CV03', 'CN01', 'PB003', 'Tran Tien Hieu', '1982-03-05', 'Nam', 'Kinh', '000000000033', '0913805537', 'trantienhieu33@gmail.com', 'Hue'),
('NV0034', 'DA004', 'CV04', 'CN01', 'PB004', 'Tran Quoc Khoa', '1996-03-06', 'Nu', 'Kinh', '000000000034', '0929582141', 'tranquockhoa34@gmail.com', 'Hue'),
('NV0035', 'DA005', 'CV05', 'CN01', 'PB005', 'Vu Thi Hieu', '1987-06-08', 'Nam', 'Kinh', '000000000035', '0974755433', 'vuthihieu35@gmail.com', 'Hue'),
('NV0036', 'DA006', 'CV06', 'CN01', 'PB006', 'Do Thanh Son', '1999-03-27', 'Nu', 'Kinh', '000000000036', '0924681615', 'dothanhson36@gmail.com', 'Hue'),
('NV0037', 'DA007', 'CV07', 'CN01', 'PB007', 'Do Duc Khanh', '1981-11-28', 'Nam', 'Kinh', '000000000037', '0942442060', 'doduckhanh37@gmail.com', 'Hue'),
('NV0038', 'DA008', 'CV08', 'CN01', 'PB008', 'Pham Duc Vinh', '1980-05-03', 'Nu', 'Kinh', '000000000038', '0987472334', 'phamducvinh38@gmail.com', 'Hue'),
('NV0039', 'DA009', 'CV09', 'CN01', 'PB009', 'Ngo Minh Dung', '1985-04-05', 'Nam', 'Kinh', '000000000039', '0930949869', 'ngominhdung39@gmail.com', 'Hue'),
('NV0040', 'DA010', 'CV10', 'CN01', 'PB010', 'Vu Huy Phong', '1993-06-07', 'Nu', 'Kinh', '000000000040', '0949761324', 'vuhuyphong40@gmail.com', 'Hue'),
('NV0041', 'DA011', 'CV01', 'CN02', 'PB011', 'Ngo Quoc Dung', '1983-07-10', 'Nam', 'Kinh', '000000000041', '0964860780', 'ngoquocdung41@gmail.com', 'Nam Dinh'),
('NV0042', 'DA012', 'CV02', 'CN02', 'PB012', 'Nguyen Cam Khoa', '1985-01-17', 'Nu', 'Kinh', '000000000042', '0963115030', 'nguyencamkhoa42@gmail.com', 'Nam Dinh'),
('NV0043', 'DA013', 'CV03', 'CN02', 'PB013', 'Vu Thanh Vinh', '1983-04-21', 'Nam', 'Kinh', '000000000043', '0966220090', 'vuthanhvinh43@gmail.com', 'Nam Dinh'),
('NV0044', 'DA014', 'CV04', 'CN02', 'PB014', 'Duong Huy Hieu', '1980-09-12', 'Nu', 'Kinh', '000000000044', '0963139709', 'duonghuyhieu44@gmail.com', 'Nam Dinh'),
('NV0045', 'DA015', 'CV05', 'CN02', 'PB015', 'Tran Thanh Linh', '1981-04-28', 'Nam', 'Kinh', '000000000045', '0924284205', 'tranthanhlinh45@gmail.com', 'Nam Dinh'),
('NV0046', 'DA016', 'CV06', 'CN02', 'PB016', 'Dang Van Linh', '1993-11-02', 'Nu', 'Kinh', '000000000046', '0910854851', 'dangvanlinh46@gmail.com', 'Nam Dinh'),
('NV0047', 'DA017', 'CV07', 'CN02', 'PB017', 'Nguyen Van Binh', '1989-03-15', 'Nam', 'Kinh', '000000000047', '0970788603', 'nguyenvanbinh47@gmail.com', 'Nam Dinh'),
('NV0048', 'DA018', 'CV08', 'CN02', 'PB018', 'Dang Hong Yen', '2000-12-25', 'Nu', 'Kinh', '000000000048', '0933937898', 'danghongyen48@gmail.com', 'Nam Dinh'),
('NV0049', 'DA019', 'CV09', 'CN02', 'PB019', 'Dang Duc Linh', '1999-02-19', 'Nam', 'Kinh', '000000000049', '0936576128', 'dangduclinh49@gmail.com', 'Nam Dinh'),
('NV0050', 'DA020', 'CV10', 'CN02', 'PB020', 'Vu Quoc Cuong', '1997-07-02', 'Nu', 'Kinh', '000000000050', '0961670873', 'vuquoccuong50@gmail.com', 'Nam Dinh'),
('NV0051', 'DA011', 'CV01', 'CN02', 'PB011', 'Vu Cam Son', '1989-08-26', 'Nam', 'Kinh', '000000000051', '0939777328', 'vucamson51@gmail.com', 'Nam Dinh'),
('NV0052', 'DA012', 'CV02', 'CN02', 'PB012', 'Pham Cam Nam', '1997-05-10', 'Nu', 'Kinh', '000000000052', '0982982903', 'phamcamnam52@gmail.com', 'Nam Dinh'),
('NV0053', 'DA013', 'CV03', 'CN02', 'PB013', 'Duong Thanh Bao', '1987-03-22', 'Nam', 'Kinh', '000000000053', '0982384161', 'duongthanhbao53@gmail.com', 'Nam Dinh'),
('NV0054', 'DA014', 'CV04', 'CN02', 'PB014', 'Ngo Minh Cuong', '1993-09-12', 'Nu', 'Kinh', '000000000054', '0976475427', 'ngominhcuong54@gmail.com', 'Nam Dinh'),
('NV0055', 'DA015', 'CV05', 'CN02', 'PB015', 'Nguyen Duc Vinh', '1987-04-22', 'Nam', 'Kinh', '000000000055', '0975536131', 'nguyenducvinh55@gmail.com', 'Nam Dinh'),
('NV0056', 'DA016', 'CV06', 'CN02', 'PB016', 'Vo Cam Dung', '1988-02-16', 'Nu', 'Kinh', '000000000056', '0946250545', 'vocamdung56@gmail.com', 'Nam Dinh'),
('NV0057', 'DA017', 'CV07', 'CN02', 'PB017', 'Nguyen Tien Khoa', '1994-09-13', 'Nam', 'Kinh', '000000000057', '0932653129', 'nguyentienkhoa57@gmail.com', 'Nam Dinh'),
('NV0058', 'DA018', 'CV08', 'CN02', 'PB018', 'Bui Tien Bao', '1996-06-27', 'Nu', 'Kinh', '000000000058', '0913078608', 'buitienbao58@gmail.com', 'Nam Dinh'),
('NV0059', 'DA019', 'CV09', 'CN02', 'PB019', 'Tran Van Hieu', '1994-05-07', 'Nam', 'Kinh', '000000000059', '0923305140', 'tranvanhieu59@gmail.com', 'Nam Dinh'),
('NV0060', 'DA020', 'CV10', 'CN02', 'PB020', 'Ngo Duc Vinh', '1990-05-09', 'Nu', 'Kinh', '000000000060', '0986495120', 'ngoducvinh60@gmail.com', 'Nam Dinh'),
('NV0061', 'DA011', 'CV01', 'CN02', 'PB011', 'Vu Thi Dung', '1999-03-10', 'Nam', 'Kinh', '000000000061', '0981367815', 'vuthidung61@gmail.com', 'Nam Dinh'),
('NV0062', 'DA012', 'CV02', 'CN02', 'PB012', 'Vu Cam Hoa', '1991-03-27', 'Nu', 'Kinh', '000000000062', '0961584864', 'vucamhoa62@gmail.com', 'Nam Dinh'),
('NV0063', 'DA013', 'CV03', 'CN02', 'PB013', 'Le Van Yen', '1996-01-07', 'Nam', 'Kinh', '000000000063', '0972797913', 'levanyen63@gmail.com', 'Nam Dinh'),
('NV0064', 'DA014', 'CV04', 'CN02', 'PB014', 'Le Hong Binh', '1983-08-26', 'Nu', 'Kinh', '000000000064', '0975622153', 'lehongbinh64@gmail.com', 'Nam Dinh'),
('NV0065', 'DA015', 'CV05', 'CN02', 'PB015', 'Vo Huy Khoa', '1993-05-28', 'Nam', 'Kinh', '000000000065', '0966796016', 'vohuykhoa65@gmail.com', 'Nam Dinh'),
('NV0066', 'DA016', 'CV06', 'CN02', 'PB016', 'Nguyen Thanh Phong', '1985-02-28', 'Nu', 'Kinh', '000000000066', '0956653764', 'nguyenthanhphong66@gmail.com', 'Nam Dinh'),
('NV0067', 'DA017', 'CV07', 'CN02', 'PB017', 'Hoang Minh Vinh', '1985-08-13', 'Nam', 'Kinh', '000000000067', '0973348179', 'hoangminhvinh67@gmail.com', 'Nam Dinh'),
('NV0068', 'DA018', 'CV08', 'CN02', 'PB018', 'Dang Hong Bao', '1980-05-20', 'Nu', 'Kinh', '000000000068', '0984488055', 'danghongbao68@gmail.com', 'Nam Dinh'),
('NV0069', 'DA019', 'CV09', 'CN02', 'PB019', 'Ngo Cam Thanh', '1992-04-23', 'Nam', 'Kinh', '000000000069', '0912647516', 'ngocamthanh69@gmail.com', 'Nam Dinh'),
('NV0070', 'DA020', 'CV10', 'CN02', 'PB020', 'Duong Cam Binh', '1989-03-09', 'Nu', 'Kinh', '000000000070', '0987536005', 'duongcambinh70@gmail.com', 'Nam Dinh'),
('NV0071', 'DA011', 'CV01', 'CN02', 'PB011', 'Bui Cam Phong', '1993-05-03', 'Nam', 'Kinh', '000000000071', '0931397625', 'buicamphong71@gmail.com', 'Nam Dinh'),
('NV0072', 'DA012', 'CV02', 'CN02', 'PB012', 'Le Thi Phong', '1980-09-14', 'Nu', 'Kinh', '000000000072', '0970837777', 'lethiphong72@gmail.com', 'Nam Dinh'),
('NV0073', 'DA013', 'CV03', 'CN02', 'PB013', 'Nguyen Huy Binh', '1981-02-17', 'Nam', 'Kinh', '000000000073', '0920089679', 'nguyenhuybinh73@gmail.com', 'Nam Dinh'),
('NV0074', 'DA014', 'CV04', 'CN02', 'PB014', 'Bui Thi Dung', '1997-03-22', 'Nu', 'Kinh', '000000000074', '0932732849', 'buithidung74@gmail.com', 'Nam Dinh'),
('NV0075', 'DA015', 'CV05', 'CN02', 'PB015', 'Pham Van Tuan', '1992-09-28', 'Nam', 'Kinh', '000000000075', '0946361701', 'phamvantuan75@gmail.com', 'Nam Dinh'),
('NV0076', 'DA016', 'CV06', 'CN02', 'PB016', 'Nguyen Cam Phong', '1982-04-11', 'Nu', 'Kinh', '000000000076', '0916423930', 'nguyencamphong76@gmail.com', 'Nam Dinh'),
('NV0077', 'DA017', 'CV07', 'CN02', 'PB017', 'Do Minh Binh', '1987-06-26', 'Nam', 'Kinh', '000000000077', '0957238954', 'dominhbinh77@gmail.com', 'Nam Dinh'),
('NV0078', 'DA018', 'CV08', 'CN02', 'PB018', 'Do Duc Phong', '1994-10-09', 'Nu', 'Kinh', '000000000078', '0931517690', 'doducphong78@gmail.com', 'Nam Dinh'),
('NV0079', 'DA019', 'CV09', 'CN02', 'PB019', 'Hoang Huy Lan', '1997-10-07', 'Nam', 'Kinh', '000000000079', '0961439697', 'hoanghuylan79@gmail.com', 'Nam Dinh'),
('NV0080', 'DA020', 'CV10', 'CN02', 'PB020', 'Hoang Thi Nam', '1990-08-21', 'Nu', 'Kinh', '000000000080', '0962635952', 'hoangthinam80@gmail.com', 'Nam Dinh'),
('NV0081', 'DA021', 'CV01', 'CN03', 'PB021', 'Vo Duc Lan', '1982-08-27', 'Nam', 'Kinh', '000000000081', '0994800219', 'voduclan81@gmail.com', 'Vinh'),
('NV0082', 'DA022', 'CV02', 'CN03', 'PB022', 'Bui Cam Hoa', '1991-02-06', 'Nu', 'Kinh', '000000000082', '0912358000', 'buicamhoa82@gmail.com', 'Vinh'),
('NV0083', 'DA023', 'CV03', 'CN03', 'PB023', 'Do Huy Nam', '1993-11-14', 'Nam', 'Kinh', '000000000083', '0944416532', 'dohuynam83@gmail.com', 'Vinh'),
('NV0084', 'DA024', 'CV04', 'CN03', 'PB024', 'Pham Minh Lan', '1984-06-26', 'Nu', 'Kinh', '000000000084', '0937809678', 'phamminhlan84@gmail.com', 'Vinh'),
('NV0085', 'DA025', 'CV05', 'CN03', 'PB025', 'Hoang Hong Binh', '1999-06-27', 'Nam', 'Kinh', '000000000085', '0996207545', 'hoanghongbinh85@gmail.com', 'Vinh'),
('NV0086', 'DA026', 'CV06', 'CN03', 'PB026', 'Do Van An', '1988-06-08', 'Nu', 'Kinh', '000000000086', '0923074794', 'dovanan86@gmail.com', 'Vinh'),
('NV0087', 'DA027', 'CV07', 'CN03', 'PB027', 'Vu Tien An', '1994-12-04', 'Nam', 'Kinh', '000000000087', '0938593038', 'vutienan87@gmail.com', 'Vinh'),
('NV0088', 'DA028', 'CV08', 'CN03', 'PB028', 'Vu Huy Dung', '1986-05-23', 'Nu', 'Kinh', '000000000088', '0956846290', 'vuhuydung88@gmail.com', 'Vinh'),
('NV0089', 'DA029', 'CV09', 'CN03', 'PB029', 'Hoang Thanh Khanh', '1986-03-23', 'Nam', 'Kinh', '000000000089', '0979425391', 'hoangthanhkhanh89@gmail.com', 'Vinh'),
('NV0090', 'DA030', 'CV10', 'CN03', 'PB030', 'Duong Hong Son', '1985-02-26', 'Nu', 'Kinh', '000000000090', '0939025261', 'duonghongson90@gmail.com', 'Vinh'),
('NV0091', 'DA021', 'CV01', 'CN03', 'PB021', 'Nguyen Cam Lan', '1992-08-19', 'Nam', 'Kinh', '000000000091', '0946310482', 'nguyencamlan91@gmail.com', 'Vinh'),
('NV0092', 'DA022', 'CV02', 'CN03', 'PB022', 'Le Quoc Linh', '1987-08-15', 'Nu', 'Kinh', '000000000092', '0956049457', 'lequoclinh92@gmail.com', 'Vinh'),
('NV0093', 'DA023', 'CV03', 'CN03', 'PB023', 'Duong Van Son', '1985-05-26', 'Nam', 'Kinh', '000000000093', '0915199439', 'duongvanson93@gmail.com', 'Vinh'),
('NV0094', 'DA024', 'CV04', 'CN03', 'PB024', 'Vu Hong Son', '1988-12-02', 'Nu', 'Kinh', '000000000094', '0948935709', 'vuhongson94@gmail.com', 'Vinh'),
('NV0095', 'DA025', 'CV05', 'CN03', 'PB025', 'Vu Minh Vinh', '2000-04-26', 'Nam', 'Kinh', '000000000095', '0938878179', 'vuminhvinh95@gmail.com', 'Vinh'),
('NV0096', 'DA026', 'CV06', 'CN03', 'PB026', 'Vo Thi Yen', '1988-04-15', 'Nu', 'Kinh', '000000000096', '0944370304', 'vothiyen96@gmail.com', 'Vinh'),
('NV0097', 'DA027', 'CV07', 'CN03', 'PB027', 'Nguyen Thi Binh', '1980-07-05', 'Nam', 'Kinh', '000000000097', '0972229061', 'nguyenthibinh97@gmail.com', 'Vinh'),
('NV0098', 'DA028', 'CV08', 'CN03', 'PB028', 'Tran Thi Binh', '1996-04-13', 'Nu', 'Kinh', '000000000098', '0938376836', 'tranthibinh98@gmail.com', 'Vinh'),
('NV0099', 'DA029', 'CV09', 'CN03', 'PB029', 'Le Hong Nam', '1992-08-27', 'Nam', 'Kinh', '000000000099', '0971368022', 'lehongnam99@gmail.com', 'Vinh'),
('NV0100', 'DA030', 'CV10', 'CN03', 'PB030', 'Vo Huy Vinh', '1989-08-13', 'Nu', 'Kinh', '000000000100', '0998806069', 'vohuyvinh100@gmail.com', 'Vinh'),
('NV0101', 'DA021', 'CV01', 'CN03', 'PB021', 'Vo Thanh Lan', '2000-08-10', 'Nam', 'Kinh', '000000000101', '0913592368', 'vothanhlan101@gmail.com', 'Vinh'),
('NV0102', 'DA022', 'CV02', 'CN03', 'PB022', 'Ngo Minh Khanh', '1984-04-28', 'Nu', 'Kinh', '000000000102', '0991729985', 'ngominhkhanh102@gmail.com', 'Vinh'),
('NV0103', 'DA023', 'CV03', 'CN03', 'PB023', 'Do Hong Thanh', '1996-11-16', 'Nam', 'Kinh', '000000000103', '0984695698', 'dohongthanh103@gmail.com', 'Vinh'),
('NV0104', 'DA024', 'CV04', 'CN03', 'PB024', 'Duong Huy Lan', '1992-02-08', 'Nu', 'Kinh', '000000000104', '0919141339', 'duonghuylan104@gmail.com', 'Vinh'),
('NV0105', 'DA025', 'CV05', 'CN03', 'PB025', 'Vu Van Bao', '1987-03-13', 'Nam', 'Kinh', '000000000105', '0993137178', 'vuvanbao105@gmail.com', 'Vinh'),
('NV0106', 'DA026', 'CV06', 'CN03', 'PB026', 'Hoang Cam Dung', '1990-06-01', 'Nu', 'Kinh', '000000000106', '0910586641', 'hoangcamdung106@gmail.com', 'Vinh'),
('NV0107', 'DA027', 'CV07', 'CN03', 'PB027', 'Vu Duc Nam', '1991-03-12', 'Nam', 'Kinh', '000000000107', '0961029841', 'vuducnam107@gmail.com', 'Vinh'),
('NV0108', 'DA028', 'CV08', 'CN03', 'PB028', 'Le Quoc Tuan', '1997-07-24', 'Nu', 'Kinh', '000000000108', '0913115225', 'lequoctuan108@gmail.com', 'Vinh'),
('NV0109', 'DA029', 'CV09', 'CN03', 'PB029', 'Ngo Minh Phong', '1999-09-01', 'Nam', 'Kinh', '000000000109', '0992240197', 'ngominhphong109@gmail.com', 'Vinh'),
('NV0110', 'DA030', 'CV10', 'CN03', 'PB030', 'Do Quoc Hoa', '1985-09-24', 'Nu', 'Kinh', '000000000110', '0983718862', 'doquochoa110@gmail.com', 'Vinh'),
('NV0111', 'DA021', 'CV01', 'CN03', 'PB021', 'Le Tien Phong', '1992-01-19', 'Nam', 'Kinh', '000000000111', '0914107798', 'letienphong111@gmail.com', 'Vinh'),
('NV0112', 'DA022', 'CV02', 'CN03', 'PB022', 'Vo Thi Linh', '1998-01-28', 'Nu', 'Kinh', '000000000112', '0998307745', 'vothilinh112@gmail.com', 'Vinh'),
('NV0113', 'DA023', 'CV03', 'CN03', 'PB023', 'Vu Thanh Linh', '2000-01-13', 'Nam', 'Kinh', '000000000113', '0928438910', 'vuthanhlinh113@gmail.com', 'Vinh'),
('NV0114', 'DA024', 'CV04', 'CN03', 'PB024', 'Vo Duc Son', '1997-04-23', 'Nu', 'Kinh', '000000000114', '0959426329', 'voducson114@gmail.com', 'Vinh'),
('NV0115', 'DA025', 'CV05', 'CN03', 'PB025', 'Le Thanh Cuong', '1991-09-01', 'Nam', 'Kinh', '000000000115', '0918402422', 'lethanhcuong115@gmail.com', 'Vinh'),
('NV0116', 'DA026', 'CV06', 'CN03', 'PB026', 'Nguyen Thi Nam', '1988-10-11', 'Nu', 'Kinh', '000000000116', '0937979163', 'nguyenthinam116@gmail.com', 'Vinh'),
('NV0117', 'DA027', 'CV07', 'CN03', 'PB027', 'Ngo Thi Cuong', '1980-04-21', 'Nam', 'Kinh', '000000000117', '0944782079', 'ngothicuong117@gmail.com', 'Vinh'),
('NV0118', 'DA028', 'CV08', 'CN03', 'PB028', 'Tran Cam Bao', '1993-03-27', 'Nu', 'Kinh', '000000000118', '0930789010', 'trancambao118@gmail.com', 'Vinh'),
('NV0119', 'DA029', 'CV09', 'CN03', 'PB029', 'Do Thi Khanh', '1983-12-03', 'Nam', 'Kinh', '000000000119', '0970934717', 'dothikhanh119@gmail.com', 'Vinh'),
('NV0120', 'DA030', 'CV10', 'CN03', 'PB030', 'Do Duc An', '1982-01-20', 'Nu', 'Kinh', '000000000120', '0979004230', 'doducan120@gmail.com', 'Vinh'),
('NV0121', 'DA031', 'CV01', 'CN04', 'PB031', 'Vu Van Khoa', '1994-01-28', 'Nam', 'Kinh', '000000000121', '0912514046', 'vuvankhoa121@gmail.com', 'Nha Trang'),
('NV0122', 'DA032', 'CV02', 'CN04', 'PB032', 'Dang Duc Nam', '1997-10-27', 'Nu', 'Kinh', '000000000122', '0982452695', 'dangducnam122@gmail.com', 'Nha Trang'),
('NV0123', 'DA033', 'CV03', 'CN04', 'PB033', 'Bui Van Binh', '1981-11-11', 'Nam', 'Kinh', '000000000123', '0969855969', 'buivanbinh123@gmail.com', 'Nha Trang'),
('NV0124', 'DA034', 'CV04', 'CN04', 'PB034', 'Le Cam Thanh', '1984-04-24', 'Nu', 'Kinh', '000000000124', '0978540081', 'lecamthanh124@gmail.com', 'Nha Trang'),
('NV0125', 'DA035', 'CV05', 'CN04', 'PB035', 'Bui Quoc Tuan', '1995-10-18', 'Nam', 'Kinh', '000000000125', '0965395591', 'buiquoctuan125@gmail.com', 'Nha Trang'),
('NV0126', 'DA036', 'CV06', 'CN04', 'PB036', 'Tran Duc Thanh', '1988-05-11', 'Nu', 'Kinh', '000000000126', '0935027225', 'tranducthanh126@gmail.com', 'Nha Trang'),
('NV0127', 'DA037', 'CV07', 'CN04', 'PB037', 'Le Minh Vinh', '2000-05-01', 'Nam', 'Kinh', '000000000127', '0958650546', 'leminhvinh127@gmail.com', 'Nha Trang'),
('NV0128', 'DA038', 'CV08', 'CN04', 'PB038', 'Dang Hong Mai', '1998-12-19', 'Nu', 'Kinh', '000000000128', '0952612374', 'danghongmai128@gmail.com', 'Nha Trang'),
('NV0129', 'DA039', 'CV09', 'CN04', 'PB039', 'Do Quoc Khoa', '1980-10-16', 'Nam', 'Kinh', '000000000129', '0962526579', 'doquockhoa129@gmail.com', 'Nha Trang'),
('NV0130', 'DA040', 'CV10', 'CN04', 'PB040', 'Do Minh Khanh', '1991-08-23', 'Nu', 'Kinh', '000000000130', '0938434778', 'dominhkhanh130@gmail.com', 'Nha Trang'),
('NV0131', 'DA031', 'CV01', 'CN04', 'PB031', 'Hoang Huy Bao', '1999-10-23', 'Nam', 'Kinh', '000000000131', '0971807696', 'hoanghuybao131@gmail.com', 'Nha Trang'),
('NV0132', 'DA032', 'CV02', 'CN04', 'PB032', 'Le Thi Tuan', '1980-12-24', 'Nu', 'Kinh', '000000000132', '0931266543', 'lethituan132@gmail.com', 'Nha Trang'),
('NV0133', 'DA033', 'CV03', 'CN04', 'PB033', 'Duong Cam Dung', '1980-03-07', 'Nam', 'Kinh', '000000000133', '0969142625', 'duongcamdung133@gmail.com', 'Nha Trang'),
('NV0134', 'DA034', 'CV04', 'CN04', 'PB034', 'Hoang Minh Quan', '1980-08-20', 'Nu', 'Kinh', '000000000134', '0914321435', 'hoangminhquan134@gmail.com', 'Nha Trang'),
('NV0135', 'DA035', 'CV05', 'CN04', 'PB035', 'Duong Cam Khanh', '1993-08-03', 'Nam', 'Kinh', '000000000135', '0951572144', 'duongcamkhanh135@gmail.com', 'Nha Trang'),
('NV0136', 'DA036', 'CV06', 'CN04', 'PB036', 'Le Huy Phong', '1993-04-12', 'Nu', 'Kinh', '000000000136', '0998180968', 'lehuyphong136@gmail.com', 'Nha Trang'),
('NV0137', 'DA037', 'CV07', 'CN04', 'PB037', 'Tran Van An', '1993-12-17', 'Nam', 'Kinh', '000000000137', '0941566811', 'tranvanan137@gmail.com', 'Nha Trang'),
('NV0138', 'DA038', 'CV08', 'CN04', 'PB038', 'Ngo Duc Hoa', '1986-01-11', 'Nu', 'Kinh', '000000000138', '0956675957', 'ngoduchoa138@gmail.com', 'Nha Trang'),
('NV0139', 'DA039', 'CV09', 'CN04', 'PB039', 'Bui Hong Son', '1999-11-23', 'Nam', 'Kinh', '000000000139', '0952959386', 'buihongson139@gmail.com', 'Nha Trang'),
('NV0140', 'DA040', 'CV10', 'CN04', 'PB040', 'Tran Quoc Dung', '1993-09-08', 'Nu', 'Kinh', '000000000140', '0939011325', 'tranquocdung140@gmail.com', 'Nha Trang'),
('NV0141', 'DA031', 'CV01', 'CN04', 'PB031', 'Vu Hong Thanh', '2000-08-19', 'Nam', 'Kinh', '000000000141', '0980038903', 'vuhongthanh141@gmail.com', 'Nha Trang'),
('NV0142', 'DA032', 'CV02', 'CN04', 'PB032', 'Tran Thanh Nam', '1993-06-23', 'Nu', 'Kinh', '000000000142', '0955143339', 'tranthanhnam142@gmail.com', 'Nha Trang'),
('NV0143', 'DA033', 'CV03', 'CN04', 'PB033', 'Nguyen Cam Quan', '1991-10-27', 'Nam', 'Kinh', '000000000143', '0988080418', 'nguyencamquan143@gmail.com', 'Nha Trang'),
('NV0144', 'DA034', 'CV04', 'CN04', 'PB034', 'Nguyen Tien Son', '1998-02-19', 'Nu', 'Kinh', '000000000144', '0924606842', 'nguyentienson144@gmail.com', 'Nha Trang'),
('NV0145', 'DA035', 'CV05', 'CN04', 'PB035', 'Tran Huy An', '1991-06-22', 'Nam', 'Kinh', '000000000145', '0918079375', 'tranhuyan145@gmail.com', 'Nha Trang'),
('NV0146', 'DA036', 'CV06', 'CN04', 'PB036', 'Vu Huy An', '1993-05-04', 'Nu', 'Kinh', '000000000146', '0994021699', 'vuhuyan146@gmail.com', 'Nha Trang'),
('NV0147', 'DA037', 'CV07', 'CN04', 'PB037', 'Vu Thi Dung', '1992-05-02', 'Nam', 'Kinh', '000000000147', '0928525356', 'vuthidung147@gmail.com', 'Nha Trang'),
('NV0148', 'DA038', 'CV08', 'CN04', 'PB038', 'Vo Hong An', '1989-07-07', 'Nu', 'Kinh', '000000000148', '0911293012', 'vohongan148@gmail.com', 'Nha Trang'),
('NV0149', 'DA039', 'CV09', 'CN04', 'PB039', 'Duong Thanh Yen', '1982-07-05', 'Nam', 'Kinh', '000000000149', '0925820901', 'duongthanhyen149@gmail.com', 'Nha Trang'),
('NV0150', 'DA040', 'CV10', 'CN04', 'PB040', 'Tran Minh Son', '1987-04-15', 'Nu', 'Kinh', '000000000150', '0921792448', 'tranminhson150@gmail.com', 'Nha Trang'),
('NV0151', 'DA031', 'CV01', 'CN04', 'PB031', 'Nguyen Quoc Linh', '1994-11-13', 'Nam', 'Kinh', '000000000151', '0982228559', 'nguyenquoclinh151@gmail.com', 'Nha Trang'),
('NV0152', 'DA032', 'CV02', 'CN04', 'PB032', 'Bui Thi Dung', '1980-06-09', 'Nu', 'Kinh', '000000000152', '0967616203', 'buithidung152@gmail.com', 'Nha Trang'),
('NV0153', 'DA033', 'CV03', 'CN04', 'PB033', 'Pham Thanh Quan', '1993-01-28', 'Nam', 'Kinh', '000000000153', '0980178515', 'phamthanhquan153@gmail.com', 'Nha Trang'),
('NV0154', 'DA034', 'CV04', 'CN04', 'PB034', 'Bui Hong Son', '1987-10-01', 'Nu', 'Kinh', '000000000154', '0953972522', 'buihongson154@gmail.com', 'Nha Trang'),
('NV0155', 'DA035', 'CV05', 'CN04', 'PB035', 'Le Duc Dung', '1987-05-12', 'Nam', 'Kinh', '000000000155', '0958791385', 'leducdung155@gmail.com', 'Nha Trang'),
('NV0156', 'DA036', 'CV06', 'CN04', 'PB036', 'Tran Thi Bao', '1991-11-27', 'Nu', 'Kinh', '000000000156', '0943364249', 'tranthibao156@gmail.com', 'Nha Trang'),
('NV0157', 'DA037', 'CV07', 'CN04', 'PB037', 'Vu Quoc Bao', '1992-02-14', 'Nam', 'Kinh', '000000000157', '0956506756', 'vuquocbao157@gmail.com', 'Nha Trang'),
('NV0158', 'DA038', 'CV08', 'CN04', 'PB038', 'Dang Quoc Khanh', '1982-01-06', 'Nu', 'Kinh', '000000000158', '0965881264', 'dangquockhanh158@gmail.com', 'Nha Trang'),
('NV0159', 'DA039', 'CV09', 'CN04', 'PB039', 'Vu Thi Phong', '1981-04-16', 'Nam', 'Kinh', '000000000159', '0935403589', 'vuthiphong159@gmail.com', 'Nha Trang'),
('NV0160', 'DA040', 'CV10', 'CN04', 'PB040', 'Nguyen Cam Linh', '1998-10-05', 'Nu', 'Kinh', '000000000160', '0987424368', 'nguyencamlinh160@gmail.com', 'Nha Trang'),
('NV0161', 'DA041', 'CV01', 'CN05', 'PB041', 'Pham Quoc Khoa', '1998-12-15', 'Nam', 'Kinh', '000000000161', '0977890130', 'phamquockhoa161@gmail.com', 'Thai Binh'),
('NV0162', 'DA042', 'CV02', 'CN05', 'PB042', 'Dang Thanh Mai', '1991-10-20', 'Nu', 'Kinh', '000000000162', '0957790433', 'dangthanhmai162@gmail.com', 'Thai Binh'),
('NV0163', 'DA043', 'CV03', 'CN05', 'PB043', 'Nguyen Cam Hieu', '1998-12-08', 'Nam', 'Kinh', '000000000163', '0987947568', 'nguyencamhieu163@gmail.com', 'Thai Binh'),
('NV0164', 'DA044', 'CV04', 'CN05', 'PB044', 'Tran Thi Phong', '1993-07-05', 'Nu', 'Kinh', '000000000164', '0912275662', 'tranthiphong164@gmail.com', 'Thai Binh'),
('NV0165', 'DA045', 'CV05', 'CN05', 'PB045', 'Nguyen Tien Thanh', '1989-04-15', 'Nam', 'Kinh', '000000000165', '0943979200', 'nguyentienthanh165@gmail.com', 'Thai Binh'),
('NV0166', 'DA046', 'CV06', 'CN05', 'PB046', 'Pham Van Lan', '1988-06-14', 'Nu', 'Kinh', '000000000166', '0944977436', 'phamvanlan166@gmail.com', 'Thai Binh'),
('NV0167', 'DA047', 'CV07', 'CN05', 'PB047', 'Vu Huy Lan', '1997-05-17', 'Nam', 'Kinh', '000000000167', '0955822614', 'vuhuylan167@gmail.com', 'Thai Binh'),
('NV0168', 'DA048', 'CV08', 'CN05', 'PB048', 'Hoang Thi Lan', '1995-06-08', 'Nu', 'Kinh', '000000000168', '0946031517', 'hoangthilan168@gmail.com', 'Thai Binh'),
('NV0169', 'DA049', 'CV09', 'CN05', 'PB049', 'Tran Duc Vinh', '1991-03-10', 'Nam', 'Kinh', '000000000169', '0922136700', 'tranducvinh169@gmail.com', 'Thai Binh'),
('NV0170', 'DA050', 'CV10', 'CN05', 'PB050', 'Vu Duc Yen', '1985-11-02', 'Nu', 'Kinh', '000000000170', '0960239402', 'vuducyen170@gmail.com', 'Thai Binh'),
('NV0171', 'DA041', 'CV01', 'CN05', 'PB041', 'Pham Quoc Lan', '1993-11-24', 'Nam', 'Kinh', '000000000171', '0999708000', 'phamquoclan171@gmail.com', 'Thai Binh'),
('NV0172', 'DA042', 'CV02', 'CN05', 'PB042', 'Vo Minh Thanh', '2000-09-15', 'Nu', 'Kinh', '000000000172', '0941978302', 'vominhthanh172@gmail.com', 'Thai Binh'),
('NV0173', 'DA043', 'CV03', 'CN05', 'PB043', 'Hoang Duc Vinh', '1983-10-02', 'Nam', 'Kinh', '000000000173', '0914569341', 'hoangducvinh173@gmail.com', 'Thai Binh'),
('NV0174', 'DA044', 'CV04', 'CN05', 'PB044', 'Tran Thi Binh', '1982-01-08', 'Nu', 'Kinh', '000000000174', '0968492898', 'tranthibinh174@gmail.com', 'Thai Binh'),
('NV0175', 'DA045', 'CV05', 'CN05', 'PB045', 'Dang Thanh Thanh', '1980-05-06', 'Nam', 'Kinh', '000000000175', '0961517696', 'dangthanhthanh175@gmail.com', 'Thai Binh'),
('NV0176', 'DA046', 'CV06', 'CN05', 'PB046', 'Nguyen Thi Cuong', '1983-08-25', 'Nu', 'Kinh', '000000000176', '0917303029', 'nguyenthicuong176@gmail.com', 'Thai Binh'),
('NV0177', 'DA047', 'CV07', 'CN05', 'PB047', 'Nguyen Cam Nam', '1980-03-04', 'Nam', 'Kinh', '000000000177', '0996242749', 'nguyencamnam177@gmail.com', 'Thai Binh'),
('NV0178', 'DA048', 'CV08', 'CN05', 'PB048', 'Tran Thanh Phong', '1991-05-15', 'Nu', 'Kinh', '000000000178', '0917928599', 'tranthanhphong178@gmail.com', 'Thai Binh'),
('NV0179', 'DA049', 'CV09', 'CN05', 'PB049', 'Tran Duc Nam', '1994-09-13', 'Nam', 'Kinh', '000000000179', '0996236680', 'tranducnam179@gmail.com', 'Thai Binh'),
('NV0180', 'DA050', 'CV10', 'CN05', 'PB050', 'Do Duc Lan', '1985-12-13', 'Nu', 'Kinh', '000000000180', '0987783421', 'doduclan180@gmail.com', 'Thai Binh'),
('NV0181', 'DA041', 'CV01', 'CN05', 'PB041', 'Vu Thi Phong', '1981-04-01', 'Nam', 'Kinh', '000000000181', '0968204472', 'vuthiphong181@gmail.com', 'Thai Binh'),
('NV0182', 'DA042', 'CV02', 'CN05', 'PB042', 'Bui Thanh Linh', '1984-03-06', 'Nu', 'Kinh', '000000000182', '0963289649', 'buithanhlinh182@gmail.com', 'Thai Binh'),
('NV0183', 'DA043', 'CV03', 'CN05', 'PB043', 'Hoang Minh Linh', '1998-01-25', 'Nam', 'Kinh', '000000000183', '0936928461', 'hoangminhlinh183@gmail.com', 'Thai Binh'),
('NV0184', 'DA044', 'CV04', 'CN05', 'PB044', 'Do Thanh An', '1980-01-01', 'Nu', 'Kinh', '000000000184', '0992871495', 'dothanhan184@gmail.com', 'Thai Binh'),
('NV0185', 'DA045', 'CV05', 'CN05', 'PB045', 'Hoang Tien Linh', '1986-10-21', 'Nam', 'Kinh', '000000000185', '0914185599', 'hoangtienlinh185@gmail.com', 'Thai Binh'),
('NV0186', 'DA046', 'CV06', 'CN05', 'PB046', 'Pham Cam Phong', '1987-01-15', 'Nu', 'Kinh', '000000000186', '0975694352', 'phamcamphong186@gmail.com', 'Thai Binh'),
('NV0187', 'DA047', 'CV07', 'CN05', 'PB047', 'Vo Tien Vinh', '1988-06-08', 'Nam', 'Kinh', '000000000187', '0958533337', 'votienvinh187@gmail.com', 'Thai Binh'),
('NV0188', 'DA048', 'CV08', 'CN05', 'PB048', 'Pham Huy Binh', '1995-07-13', 'Nu', 'Kinh', '000000000188', '0962280863', 'phamhuybinh188@gmail.com', 'Thai Binh'),
('NV0189', 'DA049', 'CV09', 'CN05', 'PB049', 'Duong Thi Yen', '1984-12-05', 'Nam', 'Kinh', '000000000189', '0959970796', 'duongthiyen189@gmail.com', 'Thai Binh'),
('NV0190', 'DA050', 'CV10', 'CN05', 'PB050', 'Vu Thi Yen', '1980-04-14', 'Nu', 'Kinh', '000000000190', '0911363095', 'vuthiyen190@gmail.com', 'Thai Binh'),
('NV0191', 'DA041', 'CV01', 'CN05', 'PB041', 'Ngo Hong Khanh', '1995-01-03', 'Nam', 'Kinh', '000000000191', '0964530473', 'ngohongkhanh191@gmail.com', 'Thai Binh'),
('NV0192', 'DA042', 'CV02', 'CN05', 'PB042', 'Le Cam Dung', '1998-07-10', 'Nu', 'Kinh', '000000000192', '0980092939', 'lecamdung192@gmail.com', 'Thai Binh'),
('NV0193', 'DA043', 'CV03', 'CN05', 'PB043', 'Duong Minh Mai', '1981-09-22', 'Nam', 'Kinh', '000000000193', '0923678191', 'duongminhmai193@gmail.com', 'Thai Binh'),
('NV0194', 'DA044', 'CV04', 'CN05', 'PB044', 'Duong Cam Son', '1981-03-11', 'Nu', 'Kinh', '000000000194', '0985873376', 'duongcamson194@gmail.com', 'Thai Binh'),
('NV0195', 'DA045', 'CV05', 'CN05', 'PB045', 'Bui Thanh Nam', '2000-08-26', 'Nam', 'Kinh', '000000000195', '0950178963', 'buithanhnam195@gmail.com', 'Thai Binh'),
('NV0196', 'DA046', 'CV06', 'CN05', 'PB046', 'Nguyen Quoc Cuong', '1995-01-08', 'Nu', 'Kinh', '000000000196', '0944133339', 'nguyenquoccuong196@gmail.com', 'Thai Binh'),
('NV0197', 'DA047', 'CV07', 'CN05', 'PB047', 'Vu Thanh Mai', '1982-03-27', 'Nam', 'Kinh', '000000000197', '0982875575', 'vuthanhmai197@gmail.com', 'Thai Binh'),
('NV0198', 'DA048', 'CV08', 'CN05', 'PB048', 'Vo Tien Yen', '1988-04-10', 'Nu', 'Kinh', '000000000198', '0924865555', 'votienyen198@gmail.com', 'Thai Binh'),
('NV0199', 'DA049', 'CV09', 'CN05', 'PB049', 'Pham Hong Son', '1986-01-27', 'Nam', 'Kinh', '000000000199', '0971588354', 'phamhongson199@gmail.com', 'Thai Binh'),
('NV0200', 'DA050', 'CV10', 'CN05', 'PB050', 'Nguyen Hong Hoa', '1986-06-14', 'Nu', 'Kinh', '000000000200', '0969854385', 'nguyenhonghoa200@gmail.com', 'Thai Binh'),
('NV0201', 'DA051', 'CV01', 'CN06', 'PB051', 'Hoang Minh Tuan', '1996-07-13', 'Nam', 'Kinh', '000000000201', '0991707835', 'hoangminhtuan201@gmail.com', 'Dong Nai'),
('NV0202', 'DA052', 'CV02', 'CN06', 'PB052', 'Vu Van Mai', '1987-06-28', 'Nu', 'Kinh', '000000000202', '0969575134', 'vuvanmai202@gmail.com', 'Dong Nai'),
('NV0203', 'DA053', 'CV03', 'CN06', 'PB053', 'Bui Thanh Lan', '1983-02-25', 'Nam', 'Kinh', '000000000203', '0939400264', 'buithanhlan203@gmail.com', 'Dong Nai'),
('NV0204', 'DA054', 'CV04', 'CN06', 'PB054', 'Vu Thi Linh', '1994-01-07', 'Nu', 'Kinh', '000000000204', '0977432390', 'vuthilinh204@gmail.com', 'Dong Nai'),
('NV0205', 'DA055', 'CV05', 'CN06', 'PB055', 'Tran Huy Tuan', '1984-06-22', 'Nam', 'Kinh', '000000000205', '0932861970', 'tranhuytuan205@gmail.com', 'Dong Nai'),
('NV0206', 'DA056', 'CV06', 'CN06', 'PB056', 'Le Tien Khanh', '1981-05-07', 'Nu', 'Kinh', '000000000206', '0997467876', 'letienkhanh206@gmail.com', 'Dong Nai'),
('NV0207', 'DA057', 'CV07', 'CN06', 'PB057', 'Ngo Minh Nam', '1984-07-19', 'Nam', 'Kinh', '000000000207', '0989410860', 'ngominhnam207@gmail.com', 'Dong Nai'),
('NV0208', 'DA058', 'CV08', 'CN06', 'PB058', 'Bui Huy Nam', '1990-09-10', 'Nu', 'Kinh', '000000000208', '0963607980', 'buihuynam208@gmail.com', 'Dong Nai'),
('NV0209', 'DA059', 'CV09', 'CN06', 'PB059', 'Bui Minh Nam', '1982-10-25', 'Nam', 'Kinh', '000000000209', '0986417699', 'buiminhnam209@gmail.com', 'Dong Nai'),
('NV0210', 'DA060', 'CV10', 'CN06', 'PB060', 'Do Quoc Nam', '1998-08-06', 'Nu', 'Kinh', '000000000210', '0934708033', 'doquocnam210@gmail.com', 'Dong Nai'),
('NV0211', 'DA051', 'CV01', 'CN06', 'PB051', 'Tran Hong Mai', '1985-06-09', 'Nam', 'Kinh', '000000000211', '0920543725', 'tranhongmai211@gmail.com', 'Dong Nai'),
('NV0212', 'DA052', 'CV02', 'CN06', 'PB052', 'Do Minh Bao', '1983-10-09', 'Nu', 'Kinh', '000000000212', '0980268104', 'dominhbao212@gmail.com', 'Dong Nai'),
('NV0213', 'DA053', 'CV03', 'CN06', 'PB053', 'Vu Huy Khoa', '1996-03-05', 'Nam', 'Kinh', '000000000213', '0987650185', 'vuhuykhoa213@gmail.com', 'Dong Nai'),
('NV0214', 'DA054', 'CV04', 'CN06', 'PB054', 'Nguyen Tien Son', '1999-03-17', 'Nu', 'Kinh', '000000000214', '0973853434', 'nguyentienson214@gmail.com', 'Dong Nai'),
('NV0215', 'DA055', 'CV05', 'CN06', 'PB055', 'Vu Duc Linh', '1980-09-25', 'Nam', 'Kinh', '000000000215', '0975053123', 'vuduclinh215@gmail.com', 'Dong Nai'),
('NV0216', 'DA056', 'CV06', 'CN06', 'PB056', 'Do Hong Quan', '1993-10-21', 'Nu', 'Kinh', '000000000216', '0978122086', 'dohongquan216@gmail.com', 'Dong Nai'),
('NV0217', 'DA057', 'CV07', 'CN06', 'PB057', 'Duong Hong Hoa', '1981-12-17', 'Nam', 'Kinh', '000000000217', '0999262234', 'duonghonghoa217@gmail.com', 'Dong Nai'),
('NV0218', 'DA058', 'CV08', 'CN06', 'PB058', 'Nguyen Cam Tuan', '1982-05-10', 'Nu', 'Kinh', '000000000218', '0923295912', 'nguyencamtuan218@gmail.com', 'Dong Nai'),
('NV0219', 'DA059', 'CV09', 'CN06', 'PB059', 'Pham Huy Hoa', '1998-06-14', 'Nam', 'Kinh', '000000000219', '0999975004', 'phamhuyhoa219@gmail.com', 'Dong Nai'),
('NV0220', 'DA060', 'CV10', 'CN06', 'PB060', 'Ngo Cam Lan', '1980-01-04', 'Nu', 'Kinh', '000000000220', '0990902031', 'ngocamlan220@gmail.com', 'Dong Nai'),
('NV0221', 'DA051', 'CV01', 'CN06', 'PB051', 'Vu Quoc Yen', '1997-07-19', 'Nam', 'Kinh', '000000000221', '0945062052', 'vuquocyen221@gmail.com', 'Dong Nai'),
('NV0222', 'DA052', 'CV02', 'CN06', 'PB052', 'Vu Thi Dung', '1995-12-15', 'Nu', 'Kinh', '000000000222', '0913131163', 'vuthidung222@gmail.com', 'Dong Nai'),
('NV0223', 'DA053', 'CV03', 'CN06', 'PB053', 'Vo Van Linh', '1983-04-18', 'Nam', 'Kinh', '000000000223', '0970668471', 'vovanlinh223@gmail.com', 'Dong Nai'),
('NV0224', 'DA054', 'CV04', 'CN06', 'PB054', 'Tran Cam Nam', '1999-07-06', 'Nu', 'Kinh', '000000000224', '0956540580', 'trancamnam224@gmail.com', 'Dong Nai'),
('NV0225', 'DA055', 'CV05', 'CN06', 'PB055', 'Do Van Phong', '1981-04-28', 'Nam', 'Kinh', '000000000225', '0919597426', 'dovanphong225@gmail.com', 'Dong Nai'),
('NV0226', 'DA056', 'CV06', 'CN06', 'PB056', 'Vo Minh Khanh', '1993-01-07', 'Nu', 'Kinh', '000000000226', '0948866394', 'vominhkhanh226@gmail.com', 'Dong Nai'),
('NV0227', 'DA057', 'CV07', 'CN06', 'PB057', 'Dang Cam Nam', '1982-01-22', 'Nam', 'Kinh', '000000000227', '0910035345', 'dangcamnam227@gmail.com', 'Dong Nai'),
('NV0228', 'DA058', 'CV08', 'CN06', 'PB058', 'Tran Huy Mai', '1988-07-26', 'Nu', 'Kinh', '000000000228', '0991426158', 'tranhuymai228@gmail.com', 'Dong Nai'),
('NV0229', 'DA059', 'CV09', 'CN06', 'PB059', 'Do Van Bao', '1980-02-28', 'Nam', 'Kinh', '000000000229', '0959926539', 'dovanbao229@gmail.com', 'Dong Nai'),
('NV0230', 'DA060', 'CV10', 'CN06', 'PB060', 'Tran Van Quan', '1980-12-24', 'Nu', 'Kinh', '000000000230', '0911664046', 'tranvanquan230@gmail.com', 'Dong Nai'),
('NV0231', 'DA051', 'CV01', 'CN06', 'PB051', 'Tran Duc Lan', '1994-11-22', 'Nam', 'Kinh', '000000000231', '0997522235', 'tranduclan231@gmail.com', 'Dong Nai'),
('NV0232', 'DA052', 'CV02', 'CN06', 'PB052', 'Vu Quoc Khanh', '1989-06-03', 'Nu', 'Kinh', '000000000232', '0993880265', 'vuquockhanh232@gmail.com', 'Dong Nai'),
('NV0233', 'DA053', 'CV03', 'CN06', 'PB053', 'Vo Thi Cuong', '1982-11-22', 'Nam', 'Kinh', '000000000233', '0927191882', 'vothicuong233@gmail.com', 'Dong Nai'),
('NV0234', 'DA054', 'CV04', 'CN06', 'PB054', 'Le Huy Lan', '1991-10-28', 'Nu', 'Kinh', '000000000234', '0964298265', 'lehuylan234@gmail.com', 'Dong Nai'),
('NV0235', 'DA055', 'CV05', 'CN06', 'PB055', 'Vo Thanh Cuong', '1983-01-09', 'Nam', 'Kinh', '000000000235', '0919783521', 'vothanhcuong235@gmail.com', 'Dong Nai'),
('NV0236', 'DA056', 'CV06', 'CN06', 'PB056', 'Tran Thi Lan', '1985-05-10', 'Nu', 'Kinh', '000000000236', '0986922448', 'tranthilan236@gmail.com', 'Dong Nai'),
('NV0237', 'DA057', 'CV07', 'CN06', 'PB057', 'Do Duc Hoa', '1992-07-08', 'Nam', 'Kinh', '000000000237', '0996772020', 'doduchoa237@gmail.com', 'Dong Nai'),
('NV0238', 'DA058', 'CV08', 'CN06', 'PB058', 'Bui Thi Bao', '1984-09-26', 'Nu', 'Kinh', '000000000238', '0916966076', 'buithibao238@gmail.com', 'Dong Nai'),
('NV0239', 'DA059', 'CV09', 'CN06', 'PB059', 'Tran Minh Hieu', '1991-05-03', 'Nam', 'Kinh', '000000000239', '0947861360', 'tranminhhieu239@gmail.com', 'Dong Nai'),
('NV0240', 'DA060', 'CV10', 'CN06', 'PB060', 'Le Quoc Linh', '1983-08-14', 'Nu', 'Kinh', '000000000240', '0983866795', 'lequoclinh240@gmail.com', 'Dong Nai'),
('NV0241', 'DA061', 'CV01', 'CN07', 'PB061', 'Pham Thanh Cuong', '2000-03-20', 'Nam', 'Kinh', '000000000241', '0917418931', 'phamthanhcuong241@gmail.com', 'Binh Duong'),
('NV0242', 'DA062', 'CV02', 'CN07', 'PB062', 'Vo Thanh Lan', '1985-02-19', 'Nu', 'Kinh', '000000000242', '0940443456', 'vothanhlan242@gmail.com', 'Binh Duong'),
('NV0243', 'DA063', 'CV03', 'CN07', 'PB063', 'Bui Hong Khanh', '1993-07-12', 'Nam', 'Kinh', '000000000243', '0966841215', 'buihongkhanh243@gmail.com', 'Binh Duong'),
('NV0244', 'DA064', 'CV04', 'CN07', 'PB064', 'Duong Minh Hoa', '1991-04-22', 'Nu', 'Kinh', '000000000244', '0933065613', 'duongminhhoa244@gmail.com', 'Binh Duong'),
('NV0245', 'DA065', 'CV05', 'CN07', 'PB065', 'Pham Quoc Thanh', '1993-11-07', 'Nam', 'Kinh', '000000000245', '0999251628', 'phamquocthanh245@gmail.com', 'Binh Duong'),
('NV0246', 'DA066', 'CV06', 'CN07', 'PB066', 'Do Quoc Hieu', '1986-04-18', 'Nu', 'Kinh', '000000000246', '0967877106', 'doquochieu246@gmail.com', 'Binh Duong'),
('NV0247', 'DA067', 'CV07', 'CN07', 'PB067', 'Vu Huy Son', '1999-07-15', 'Nam', 'Kinh', '000000000247', '0985956237', 'vuhuyson247@gmail.com', 'Binh Duong'),
('NV0248', 'DA068', 'CV08', 'CN07', 'PB068', 'Duong Tien Bao', '1990-10-08', 'Nu', 'Kinh', '000000000248', '0976401339', 'duongtienbao248@gmail.com', 'Binh Duong'),
('NV0249', 'DA069', 'CV09', 'CN07', 'PB069', 'Hoang Duc An', '1988-07-17', 'Nam', 'Kinh', '000000000249', '0965107560', 'hoangducan249@gmail.com', 'Binh Duong'),
('NV0250', 'DA070', 'CV10', 'CN07', 'PB070', 'Bui Cam Tuan', '1997-04-08', 'Nu', 'Kinh', '000000000250', '0967673075', 'buicamtuan250@gmail.com', 'Binh Duong'),
('NV0251', 'DA061', 'CV01', 'CN07', 'PB061', 'Duong Minh Khoa', '1980-03-08', 'Nam', 'Kinh', '000000000251', '0921274546', 'duongminhkhoa251@gmail.com', 'Binh Duong'),
('NV0252', 'DA062', 'CV02', 'CN07', 'PB062', 'Pham Huy Hieu', '1991-01-06', 'Nu', 'Kinh', '000000000252', '0912998828', 'phamhuyhieu252@gmail.com', 'Binh Duong'),
('NV0253', 'DA063', 'CV03', 'CN07', 'PB063', 'Vo Huy Tuan', '1986-03-08', 'Nam', 'Kinh', '000000000253', '0954735317', 'vohuytuan253@gmail.com', 'Binh Duong'),
('NV0254', 'DA064', 'CV04', 'CN07', 'PB064', 'Dang Thanh Khanh', '1994-05-08', 'Nu', 'Kinh', '000000000254', '0994360992', 'dangthanhkhanh254@gmail.com', 'Binh Duong'),
('NV0255', 'DA065', 'CV05', 'CN07', 'PB065', 'Hoang Quoc Hoa', '1988-02-23', 'Nam', 'Kinh', '000000000255', '0945751755', 'hoangquochoa255@gmail.com', 'Binh Duong'),
('NV0256', 'DA066', 'CV06', 'CN07', 'PB066', 'Vo Thanh An', '1980-03-07', 'Nu', 'Kinh', '000000000256', '0915563534', 'vothanhan256@gmail.com', 'Binh Duong'),
('NV0257', 'DA067', 'CV07', 'CN07', 'PB067', 'Le Tien Vinh', '1988-10-06', 'Nam', 'Kinh', '000000000257', '0910150138', 'letienvinh257@gmail.com', 'Binh Duong'),
('NV0258', 'DA068', 'CV08', 'CN07', 'PB068', 'Ngo Hong Phong', '1999-08-13', 'Nu', 'Kinh', '000000000258', '0925711838', 'ngohongphong258@gmail.com', 'Binh Duong'),
('NV0259', 'DA069', 'CV09', 'CN07', 'PB069', 'Pham Huy Dung', '1989-02-05', 'Nam', 'Kinh', '000000000259', '0930588508', 'phamhuydung259@gmail.com', 'Binh Duong'),
('NV0260', 'DA070', 'CV10', 'CN07', 'PB070', 'Ngo Huy Mai', '1992-10-19', 'Nu', 'Kinh', '000000000260', '0915870223', 'ngohuymai260@gmail.com', 'Binh Duong'),
('NV0261', 'DA061', 'CV01', 'CN07', 'PB061', 'Tran Tien Quan', '1982-01-26', 'Nam', 'Kinh', '000000000261', '0911584380', 'trantienquan261@gmail.com', 'Binh Duong'),
('NV0262', 'DA062', 'CV02', 'CN07', 'PB062', 'Pham Tien Mai', '1992-07-15', 'Nu', 'Kinh', '000000000262', '0983293961', 'phamtienmai262@gmail.com', 'Binh Duong'),
('NV0263', 'DA063', 'CV03', 'CN07', 'PB063', 'Do Duc Lan', '1994-05-10', 'Nam', 'Kinh', '000000000263', '0959579864', 'doduclan263@gmail.com', 'Binh Duong'),
('NV0264', 'DA064', 'CV04', 'CN07', 'PB064', 'Vu Thanh Phong', '1996-07-11', 'Nu', 'Kinh', '000000000264', '0973763794', 'vuthanhphong264@gmail.com', 'Binh Duong'),
('NV0265', 'DA065', 'CV05', 'CN07', 'PB065', 'Duong Quoc Hieu', '1997-09-18', 'Nam', 'Kinh', '000000000265', '0973140422', 'duongquochieu265@gmail.com', 'Binh Duong'),
('NV0266', 'DA066', 'CV06', 'CN07', 'PB066', 'Tran Duc Linh', '1998-01-19', 'Nu', 'Kinh', '000000000266', '0923892341', 'tranduclinh266@gmail.com', 'Binh Duong'),
('NV0267', 'DA067', 'CV07', 'CN07', 'PB067', 'Dang Cam Quan', '1991-06-09', 'Nam', 'Kinh', '000000000267', '0999522748', 'dangcamquan267@gmail.com', 'Binh Duong'),
('NV0268', 'DA068', 'CV08', 'CN07', 'PB068', 'Do Cam Tuan', '1997-04-10', 'Nu', 'Kinh', '000000000268', '0934509298', 'docamtuan268@gmail.com', 'Binh Duong'),
('NV0269', 'DA069', 'CV09', 'CN07', 'PB069', 'Le Cam Son', '1989-10-24', 'Nam', 'Kinh', '000000000269', '0976583744', 'lecamson269@gmail.com', 'Binh Duong'),
('NV0270', 'DA070', 'CV10', 'CN07', 'PB070', 'Nguyen Duc An', '1996-11-19', 'Nu', 'Kinh', '000000000270', '0981243918', 'nguyenducan270@gmail.com', 'Binh Duong'),
('NV0271', 'DA061', 'CV01', 'CN07', 'PB061', 'Tran Hong Phong', '1989-07-24', 'Nam', 'Kinh', '000000000271', '0983020769', 'tranhongphong271@gmail.com', 'Binh Duong'),
('NV0272', 'DA062', 'CV02', 'CN07', 'PB062', 'Nguyen Van Nam', '1993-12-12', 'Nu', 'Kinh', '000000000272', '0990508269', 'nguyenvannam272@gmail.com', 'Binh Duong'),
('NV0273', 'DA063', 'CV03', 'CN07', 'PB063', 'Le Thi Khoa', '1984-03-14', 'Nam', 'Kinh', '000000000273', '0977868172', 'lethikhoa273@gmail.com', 'Binh Duong'),
('NV0274', 'DA064', 'CV04', 'CN07', 'PB064', 'Nguyen Hong Mai', '1988-08-22', 'Nu', 'Kinh', '000000000274', '0930921313', 'nguyenhongmai274@gmail.com', 'Binh Duong'),
('NV0275', 'DA065', 'CV05', 'CN07', 'PB065', 'Bui Duc Yen', '1988-11-27', 'Nam', 'Kinh', '000000000275', '0994258737', 'buiducyen275@gmail.com', 'Binh Duong'),
('NV0276', 'DA066', 'CV06', 'CN07', 'PB066', 'Do Huy Khoa', '1985-05-28', 'Nu', 'Kinh', '000000000276', '0994549883', 'dohuykhoa276@gmail.com', 'Binh Duong'),
('NV0277', 'DA067', 'CV07', 'CN07', 'PB067', 'Do Thi Cuong', '1997-07-15', 'Nam', 'Kinh', '000000000277', '0948217665', 'dothicuong277@gmail.com', 'Binh Duong'),
('NV0278', 'DA068', 'CV08', 'CN07', 'PB068', 'Ngo Duc Khoa', '1997-04-26', 'Nu', 'Kinh', '000000000278', '0964931945', 'ngoduckhoa278@gmail.com', 'Binh Duong'),
('NV0279', 'DA069', 'CV09', 'CN07', 'PB069', 'Do Huy Binh', '1982-07-23', 'Nam', 'Kinh', '000000000279', '0994128129', 'dohuybinh279@gmail.com', 'Binh Duong'),
('NV0280', 'DA070', 'CV10', 'CN07', 'PB070', 'Bui Minh An', '1984-07-28', 'Nu', 'Kinh', '000000000280', '0944930551', 'buiminhan280@gmail.com', 'Binh Duong');

-- Luong: 1:1 với NhanVien (280 bản ghi)
INSERT INTO Luong (ID_Luong, ID_NhanVien, MucLuong) VALUES
('L0001', 'NV0001', 73749776),
('L0002', 'NV0002', 68438239),
('L0003', 'NV0003', 62493995),
('L0004', 'NV0004', 55445526),
('L0005', 'NV0005', 50856101),
('L0006', 'NV0006', 43937435),
('L0007', 'NV0007', 38317190),
('L0008', 'NV0008', 31501146),
('L0009', 'NV0009', 26097676),
('L0010', 'NV0010', 20943535),
('L0011', 'NV0011', 73856349),
('L0012', 'NV0012', 68885635),
('L0013', 'NV0013', 61169292),
('L0014', 'NV0014', 55766523),
('L0015', 'NV0015', 50626154),
('L0016', 'NV0016', 44509110),
('L0017', 'NV0017', 37382543),
('L0018', 'NV0018', 32971797),
('L0019', 'NV0019', 25594251),
('L0020', 'NV0020', 19670039),
('L0021', 'NV0021', 74274572),
('L0022', 'NV0022', 67539089),
('L0023', 'NV0023', 62510373),
('L0024', 'NV0024', 56629971),
('L0025', 'NV0025', 50413741),
('L0026', 'NV0026', 43606039),
('L0027', 'NV0027', 38850511),
('L0028', 'NV0028', 31998826),
('L0029', 'NV0029', 26649207),
('L0030', 'NV0030', 20102831),
('L0031', 'NV0031', 73143561),
('L0032', 'NV0032', 67333038),
('L0033', 'NV0033', 61714669),
('L0034', 'NV0034', 55307820),
('L0035', 'NV0035', 49194091),
('L0036', 'NV0036', 43593938),
('L0037', 'NV0037', 38781432),
('L0038', 'NV0038', 32332960),
('L0039', 'NV0039', 25904280),
('L0040', 'NV0040', 20688413),
('L0041', 'NV0041', 74761641),
('L0042', 'NV0042', 68513672),
('L0043', 'NV0043', 62339497),
('L0044', 'NV0044', 56222470),
('L0045', 'NV0045', 50676596),
('L0046', 'NV0046', 44938392),
('L0047', 'NV0047', 38503723),
('L0048', 'NV0048', 32840323),
('L0049', 'NV0049', 26897072),
('L0050', 'NV0050', 19668337),
('L0051', 'NV0051', 73791571),
('L0052', 'NV0052', 68202519),
('L0053', 'NV0053', 61487814),
('L0054', 'NV0054', 55044490),
('L0055', 'NV0055', 49154337),
('L0056', 'NV0056', 43915773),
('L0057', 'NV0057', 37541338),
('L0058', 'NV0058', 32611048),
('L0059', 'NV0059', 26061090),
('L0060', 'NV0060', 19101483),
('L0061', 'NV0061', 74348782),
('L0062', 'NV0062', 68814964),
('L0063', 'NV0063', 62496334),
('L0064', 'NV0064', 56538618),
('L0065', 'NV0065', 50071262),
('L0066', 'NV0066', 44471677),
('L0067', 'NV0067', 37155386),
('L0068', 'NV0068', 32110522),
('L0069', 'NV0069', 26256692),
('L0070', 'NV0070', 20954944),
('L0071', 'NV0071', 74278585),
('L0072', 'NV0072', 68454905),
('L0073', 'NV0073', 61487859),
('L0074', 'NV0074', 55484614),
('L0075', 'NV0075', 49752052),
('L0076', 'NV0076', 44862139),
('L0077', 'NV0077', 37446559),
('L0078', 'NV0078', 31649251),
('L0079', 'NV0079', 25144874),
('L0080', 'NV0080', 20109743),
('L0081', 'NV0081', 73257192),
('L0082', 'NV0082', 68342585),
('L0083', 'NV0083', 62270257),
('L0084', 'NV0084', 56479911),
('L0085', 'NV0085', 49894484),
('L0086', 'NV0086', 43191209),
('L0087', 'NV0087', 37306746),
('L0088', 'NV0088', 32598008),
('L0089', 'NV0089', 26765324),
('L0090', 'NV0090', 19473452),
('L0091', 'NV0091', 74285493),
('L0092', 'NV0092', 68231818),
('L0093', 'NV0093', 61491591),
('L0094', 'NV0094', 56268422),
('L0095', 'NV0095', 50039924),
('L0096', 'NV0096', 44393862),
('L0097', 'NV0097', 38684559),
('L0098', 'NV0098', 31865073),
('L0099', 'NV0099', 26921461),
('L0100', 'NV0100', 19603504),
('L0101', 'NV0101', 73802241),
('L0102', 'NV0102', 68919713),
('L0103', 'NV0103', 62400393),
('L0104', 'NV0104', 56910037),
('L0105', 'NV0105', 50092947),
('L0106', 'NV0106', 43228178),
('L0107', 'NV0107', 38787753),
('L0108', 'NV0108', 32131160),
('L0109', 'NV0109', 25687713),
('L0110', 'NV0110', 19497356),
('L0111', 'NV0111', 73047543),
('L0112', 'NV0112', 68493648),
('L0113', 'NV0113', 62589499),
('L0114', 'NV0114', 55596547),
('L0115', 'NV0115', 50500182),
('L0116', 'NV0116', 44149792),
('L0117', 'NV0117', 37889617),
('L0118', 'NV0118', 32372403),
('L0119', 'NV0119', 26163602),
('L0120', 'NV0120', 19924172),
('L0121', 'NV0121', 74847261),
('L0122', 'NV0122', 68329796),
('L0123', 'NV0123', 61694596),
('L0124', 'NV0124', 55443075),
('L0125', 'NV0125', 49019874),
('L0126', 'NV0126', 44547456),
('L0127', 'NV0127', 37675597),
('L0128', 'NV0128', 32498545),
('L0129', 'NV0129', 25443956),
('L0130', 'NV0130', 20606865),
('L0131', 'NV0131', 74202322),
('L0132', 'NV0132', 68430179),
('L0133', 'NV0133', 62962951),
('L0134', 'NV0134', 55333444),
('L0135', 'NV0135', 50548547),
('L0136', 'NV0136', 44201969),
('L0137', 'NV0137', 38432729),
('L0138', 'NV0138', 32454229),
('L0139', 'NV0139', 25682782),
('L0140', 'NV0140', 19899516),
('L0141', 'NV0141', 74643272),
('L0142', 'NV0142', 68412215),
('L0143', 'NV0143', 61445780),
('L0144', 'NV0144', 56573483),
('L0145', 'NV0145', 49398960),
('L0146', 'NV0146', 44522397),
('L0147', 'NV0147', 37102183),
('L0148', 'NV0148', 31819707),
('L0149', 'NV0149', 25664269),
('L0150', 'NV0150', 19498858),
('L0151', 'NV0151', 74453158),
('L0152', 'NV0152', 68956877),
('L0153', 'NV0153', 62475694),
('L0154', 'NV0154', 55395453),
('L0155', 'NV0155', 49420796),
('L0156', 'NV0156', 43611394),
('L0157', 'NV0157', 37858417),
('L0158', 'NV0158', 31718888),
('L0159', 'NV0159', 26593001),
('L0160', 'NV0160', 20457682),
('L0161', 'NV0161', 74903327),
('L0162', 'NV0162', 67389561),
('L0163', 'NV0163', 61943034),
('L0164', 'NV0164', 56023933),
('L0165', 'NV0165', 50969681),
('L0166', 'NV0166', 44120352),
('L0167', 'NV0167', 37746820),
('L0168', 'NV0168', 31861881),
('L0169', 'NV0169', 26634581),
('L0170', 'NV0170', 20882979),
('L0171', 'NV0171', 73348458),
('L0172', 'NV0172', 67184042),
('L0173', 'NV0173', 61605124),
('L0174', 'NV0174', 56479490),
('L0175', 'NV0175', 49589683),
('L0176', 'NV0176', 44422229),
('L0177', 'NV0177', 38936381),
('L0178', 'NV0178', 32884639),
('L0179', 'NV0179', 26887538),
('L0180', 'NV0180', 19240174),
('L0181', 'NV0181', 74437176),
('L0182', 'NV0182', 67486636),
('L0183', 'NV0183', 62370380),
('L0184', 'NV0184', 56025360),
('L0185', 'NV0185', 50118912),
('L0186', 'NV0186', 43578749),
('L0187', 'NV0187', 37139584),
('L0188', 'NV0188', 31291325),
('L0189', 'NV0189', 25136547),
('L0190', 'NV0190', 20513445),
('L0191', 'NV0191', 74814141),
('L0192', 'NV0192', 68361044),
('L0193', 'NV0193', 62708541),
('L0194', 'NV0194', 55075526),
('L0195', 'NV0195', 49747349),
('L0196', 'NV0196', 43838993),
('L0197', 'NV0197', 38960053),
('L0198', 'NV0198', 31113736),
('L0199', 'NV0199', 26785040),
('L0200', 'NV0200', 20226373),
('L0201', 'NV0201', 73874479),
('L0202', 'NV0202', 67648408),
('L0203', 'NV0203', 61410641),
('L0204', 'NV0204', 56832186),
('L0205', 'NV0205', 49570190),
('L0206', 'NV0206', 44314662),
('L0207', 'NV0207', 37944000),
('L0208', 'NV0208', 31781891),
('L0209', 'NV0209', 26624890),
('L0210', 'NV0210', 20090549),
('L0211', 'NV0211', 73840875),
('L0212', 'NV0212', 68925726),
('L0213', 'NV0213', 61192186),
('L0214', 'NV0214', 56909279),
('L0215', 'NV0215', 49690419),
('L0216', 'NV0216', 43039983),
('L0217', 'NV0217', 37488479),
('L0218', 'NV0218', 32471275),
('L0219', 'NV0219', 26557364),
('L0220', 'NV0220', 19892119),
('L0221', 'NV0221', 74358869),
('L0222', 'NV0222', 68784256),
('L0223', 'NV0223', 61803897),
('L0224', 'NV0224', 55926777),
('L0225', 'NV0225', 49452938),
('L0226', 'NV0226', 44357282),
('L0227', 'NV0227', 38889700),
('L0228', 'NV0228', 32546719),
('L0229', 'NV0229', 25625663),
('L0230', 'NV0230', 20362262),
('L0231', 'NV0231', 73688084),
('L0232', 'NV0232', 67854949),
('L0233', 'NV0233', 61443487),
('L0234', 'NV0234', 56202682),
('L0235', 'NV0235', 50470879),
('L0236', 'NV0236', 43449624),
('L0237', 'NV0237', 38687151),
('L0238', 'NV0238', 31816894),
('L0239', 'NV0239', 25894569),
('L0240', 'NV0240', 19538836),
('L0241', 'NV0241', 73561503),
('L0242', 'NV0242', 68410020),
('L0243', 'NV0243', 61217183),
('L0244', 'NV0244', 56071399),
('L0245', 'NV0245', 49258542),
('L0246', 'NV0246', 44962492),
('L0247', 'NV0247', 38675912),
('L0248', 'NV0248', 32045379),
('L0249', 'NV0249', 26714462),
('L0250', 'NV0250', 20260372),
('L0251', 'NV0251', 74582467),
('L0252', 'NV0252', 67685147),
('L0253', 'NV0253', 62754474),
('L0254', 'NV0254', 56722120),
('L0255', 'NV0255', 50947620),
('L0256', 'NV0256', 43519101),
('L0257', 'NV0257', 38035803),
('L0258', 'NV0258', 32844519),
('L0259', 'NV0259', 26177585),
('L0260', 'NV0260', 19126088),
('L0261', 'NV0261', 74745314),
('L0262', 'NV0262', 68908196),
('L0263', 'NV0263', 62077566),
('L0264', 'NV0264', 56760631),
('L0265', 'NV0265', 50629360),
('L0266', 'NV0266', 44361737),
('L0267', 'NV0267', 38333179),
('L0268', 'NV0268', 32477528),
('L0269', 'NV0269', 25037379),
('L0270', 'NV0270', 19591370),
('L0271', 'NV0271', 73581709),
('L0272', 'NV0272', 67372904),
('L0273', 'NV0273', 62959326),
('L0274', 'NV0274', 56394862),
('L0275', 'NV0275', 49669912),
('L0276', 'NV0276', 43883497),
('L0277', 'NV0277', 37635852),
('L0278', 'NV0278', 32949323),
('L0279', 'NV0279', 25250496),
('L0280', 'NV0280', 20288178);
